[{"model": "admin.logentry", "pk": 1, "fields": {"action_time": "2020-10-17T06:33:47.588Z", "user": 1, "content_type": 7, "object_id": "1", "object_repr": "Monday", "action_flag": 1, "change_message": "[{\"added\": {}}]"}}, {"model": "admin.logentry", "pk": 2, "fields": {"action_time": "2020-10-17T06:33:59.715Z", "user": 1, "content_type": 7, "object_id": "2", "object_repr": "Tuesday", "action_flag": 1, "change_message": "[{\"added\": {}}]"}}, {"model": "admin.logentry", "pk": 3, "fields": {"action_time": "2020-10-17T06:34:10.492Z", "user": 1, "content_type": 7, "object_id": "3", "object_repr": "Wednesday", "action_flag": 1, "change_message": "[{\"added\": {}}]"}}, {"model": "admin.logentry", "pk": 4, "fields": {"action_time": "2020-10-17T06:34:22.999Z", "user": 1, "content_type": 7, "object_id": "4", "object_repr": "Thursday", "action_flag": 1, "change_message": "[{\"added\": {}}]"}}, {"model": "admin.logentry", "pk": 5, "fields": {"action_time": "2020-10-17T06:34:30.663Z", "user": 1, "content_type": 7, "object_id": "5", "object_repr": "Friday", "action_flag": 1, "change_message": "[{\"added\": {}}]"}}, {"model": "admin.logentry", "pk": 6, "fields": {"action_time": "2020-10-17T06:34:39.324Z", "user": 1, "content_type": 7, "object_id": "6", "object_repr": "Saturday", "action_flag": 1, "change_message": "[{\"added\": {}}]"}}, {"model": "admin.logentry", "pk": 7, "fields": {"action_time": "2020-10-17T06:34:46.051Z", "user": 1, "content_type": 7, "object_id": "7", "object_repr": "Sunday", "action_flag": 1, "change_message": "[{\"added\": {}}]"}}, {"model": "admin.logentry", "pk": 8, "fields": {"action_time": "2020-10-17T06:35:40.003Z", "user": 1, "content_type": 7, "object_id": "7", "object_repr": "Sunday", "action_flag": 2, "change_message": "[{\"changed\": {\"fields\": [\"Data\"]}}]"}}, {"model": "admin.logentry", "pk": 9, "fields": {"action_time": "2020-10-17T06:35:45.778Z", "user": 1, "content_type": 7, "object_id": "6", "object_repr": "Saturday", "action_flag": 2, "change_message": "[{\"changed\": {\"fields\": [\"Data\"]}}]"}}, {"model": "admin.logentry", "pk": 10, "fields": {"action_time": "2020-10-17T06:35:53.080Z", "user": 1, "content_type": 7, "object_id": "5", "object_repr": "Friday", "action_flag": 2, "change_message": "[{\"changed\": {\"fields\": [\"Data\"]}}]"}}, {"model": "admin.logentry", "pk": 11, "fields": {"action_time": "2020-10-17T06:36:02.896Z", "user": 1, "content_type": 7, "object_id": "4", "object_repr": "Thursday", "action_flag": 2, "change_message": "[{\"changed\": {\"fields\": [\"Data\"]}}]"}}, {"model": "admin.logentry", "pk": 12, "fields": {"action_time": "2020-10-17T06:36:12.526Z", "user": 1, "content_type": 7, "object_id": "3", "object_repr": "Wednesday", "action_flag": 2, "change_message": "[{\"changed\": {\"fields\": [\"Data\"]}}]"}}, {"model": "admin.logentry", "pk": 13, "fields": {"action_time": "2020-10-17T06:36:18.975Z", "user": 1, "content_type": 7, "object_id": "2", "object_repr": "Tuesday", "action_flag": 2, "change_message": "[{\"changed\": {\"fields\": [\"Data\"]}}]"}}, {"model": "admin.logentry", "pk": 14, "fields": {"action_time": "2020-10-17T06:36:24.141Z", "user": 1, "content_type": 7, "object_id": "1", "object_repr": "Monday", "action_flag": 2, "change_message": "[{\"changed\": {\"fields\": [\"Data\"]}}]"}}, {"model": "admin.logentry", "pk": 15, "fields": {"action_time": "2020-10-17T07:03:47.829Z", "user": 1, "content_type": 7, "object_id": "2", "object_repr": "Tuesday", "action_flag": 2, "change_message": "[{\"changed\": {\"fields\": [\"Data\"]}}]"}}, {"model": "admin.logentry", "pk": 16, "fields": {"action_time": "2020-10-17T07:04:54.189Z", "user": 1, "content_type": 7, "object_id": "2", "object_repr": "Tuesday", "action_flag": 2, "change_message": "[]"}}, {"model": "admin.logentry", "pk": 17, "fields": {"action_time": "2020-10-17T07:11:25.318Z", "user": 1, "content_type": 7, "object_id": "1", "object_repr": "Monday", "action_flag": 2, "change_message": "[{\"changed\": {\"fields\": [\"Data\"]}}]"}}, {"model": "admin.logentry", "pk": 18, "fields": {"action_time": "2020-10-19T07:38:58.211Z", "user": 1, "content_type": 7, "object_id": "1", "object_repr": "Monday", "action_flag": 2, "change_message": "[]"}}, {"model": "admin.logentry", "pk": 19, "fields": {"action_time": "2020-10-19T08:01:13.747Z", "user": 1, "content_type": 4, "object_id": "2", "object_repr": "2022dashevskij.dy", "action_flag": 1, "change_message": "[{\"added\": {}}]"}}, {"model": "admin.logentry", "pk": 20, "fields": {"action_time": "2020-10-19T08:02:22.727Z", "user": 1, "content_type": 4, "object_id": "2", "object_repr": "2022dashevskij.dy", "action_flag": 2, "change_message": "[]"}}, {"model": "admin.logentry", "pk": 21, "fields": {"action_time": "2020-10-21T05:31:43.250Z", "user": 1, "content_type": 7, "object_id": "7", "object_repr": "Sunday", "action_flag": 3, "change_message": ""}}, {"model": "admin.logentry", "pk": 22, "fields": {"action_time": "2020-10-23T06:03:23.544Z", "user": 1, "content_type": 7, "object_id": "1", "object_repr": "Monday", "action_flag": 2, "change_message": "[{\"changed\": {\"fields\": [\"Data\"]}}]"}}, {"model": "admin.logentry", "pk": 23, "fields": {"action_time": "2020-10-23T06:07:40.962Z", "user": 1, "content_type": 7, "object_id": "1", "object_repr": "Monday", "action_flag": 2, "change_message": "[{\"changed\": {\"fields\": [\"Data\"]}}]"}}, {"model": "admin.logentry", "pk": 24, "fields": {"action_time": "2020-10-23T06:37:00.829Z", "user": 1, "content_type": 7, "object_id": "1", "object_repr": "Monday", "action_flag": 3, "change_message": ""}}, {"model": "admin.logentry", "pk": 25, "fields": {"action_time": "2020-10-23T06:37:04.620Z", "user": 1, "content_type": 7, "object_id": "2", "object_repr": "Tuesday", "action_flag": 3, "change_message": ""}}, {"model": "admin.logentry", "pk": 26, "fields": {"action_time": "2020-10-23T06:37:08.798Z", "user": 1, "content_type": 7, "object_id": "3", "object_repr": "Wednesday", "action_flag": 3, "change_message": ""}}, {"model": "admin.logentry", "pk": 27, "fields": {"action_time": "2020-10-23T06:37:12.203Z", "user": 1, "content_type": 7, "object_id": "4", "object_repr": "Thursday", "action_flag": 3, "change_message": ""}}, {"model": "admin.logentry", "pk": 28, "fields": {"action_time": "2020-10-23T06:37:16.782Z", "user": 1, "content_type": 7, "object_id": "5", "object_repr": "Friday", "action_flag": 3, "change_message": ""}}, {"model": "admin.logentry", "pk": 29, "fields": {"action_time": "2020-10-23T06:37:20.331Z", "user": 1, "content_type": 7, "object_id": "6", "object_repr": "Saturday", "action_flag": 3, "change_message": ""}}, {"model": "admin.logentry", "pk": 30, "fields": {"action_time": "2020-10-23T06:37:31.148Z", "user": 1, "content_type": 7, "object_id": "8", "object_repr": "Monday", "action_flag": 1, "change_message": "[{\"added\": {}}]"}}, {"model": "admin.logentry", "pk": 31, "fields": {"action_time": "2020-10-23T06:37:39.712Z", "user": 1, "content_type": 7, "object_id": "9", "object_repr": "Tuesday", "action_flag": 1, "change_message": "[{\"added\": {}}]"}}, {"model": "admin.logentry", "pk": 32, "fields": {"action_time": "2020-10-23T06:37:51.288Z", "user": 1, "content_type": 7, "object_id": "10", "object_repr": "Wednesday", "action_flag": 1, "change_message": "[{\"added\": {}}]"}}, {"model": "admin.logentry", "pk": 33, "fields": {"action_time": "2020-10-23T06:37:59.505Z", "user": 1, "content_type": 7, "object_id": "11", "object_repr": "Thursday", "action_flag": 1, "change_message": "[{\"added\": {}}]"}}, {"model": "admin.logentry", "pk": 34, "fields": {"action_time": "2020-10-23T06:38:06.203Z", "user": 1, "content_type": 7, "object_id": "12", "object_repr": "Friday", "action_flag": 1, "change_message": "[{\"added\": {}}]"}}, {"model": "admin.logentry", "pk": 35, "fields": {"action_time": "2020-10-23T06:38:23.750Z", "user": 1, "content_type": 7, "object_id": "13", "object_repr": "Saturday", "action_flag": 1, "change_message": "[{\"added\": {}}]"}}, {"model": "admin.logentry", "pk": 36, "fields": {"action_time": "2020-10-23T06:58:31.418Z", "user": 1, "content_type": 7, "object_id": "8", "object_repr": "Monday", "action_flag": 2, "change_message": "[{\"changed\": {\"fields\": [\"Data\"]}}]"}}, {"model": "admin.logentry", "pk": 37, "fields": {"action_time": "2020-10-23T07:03:56.344Z", "user": 1, "content_type": 3, "object_id": "1", "object_repr": "Users", "action_flag": 1, "change_message": "[{\"added\": {}}]"}}, {"model": "admin.logentry", "pk": 38, "fields": {"action_time": "2020-10-23T07:04:13.775Z", "user": 1, "content_type": 4, "object_id": "2", "object_repr": "2022dashevskij.dy", "action_flag": 2, "change_message": "[{\"changed\": {\"fields\": [\"Groups\"]}}]"}}, {"model": "admin.logentry", "pk": 39, "fields": {"action_time": "2020-10-23T07:07:43.557Z", "user": 1, "content_type": 7, "object_id": "8", "object_repr": "Monday", "action_flag": 2, "change_message": "[{\"changed\": {\"fields\": [\"Data\"]}}]"}}, {"model": "admin.logentry", "pk": 40, "fields": {"action_time": "2020-10-25T18:28:51.574Z", "user": 1, "content_type": 7, "object_id": "13", "object_repr": "Saturday", "action_flag": 3, "change_message": ""}}, {"model": "admin.logentry", "pk": 41, "fields": {"action_time": "2020-10-25T18:28:56.930Z", "user": 1, "content_type": 7, "object_id": "12", "object_repr": "Friday", "action_flag": 3, "change_message": ""}}, {"model": "admin.logentry", "pk": 42, "fields": {"action_time": "2020-10-25T18:29:01.167Z", "user": 1, "content_type": 7, "object_id": "11", "object_repr": "Thursday", "action_flag": 3, "change_message": ""}}, {"model": "admin.logentry", "pk": 43, "fields": {"action_time": "2020-10-25T18:29:04.633Z", "user": 1, "content_type": 7, "object_id": "10", "object_repr": "Wednesday", "action_flag": 3, "change_message": ""}}, {"model": "admin.logentry", "pk": 44, "fields": {"action_time": "2020-10-25T18:29:08.248Z", "user": 1, "content_type": 7, "object_id": "9", "object_repr": "Tuesday", "action_flag": 3, "change_message": ""}}, {"model": "admin.logentry", "pk": 45, "fields": {"action_time": "2020-10-25T18:29:11.721Z", "user": 1, "content_type": 7, "object_id": "8", "object_repr": "Monday", "action_flag": 3, "change_message": ""}}, {"model": "admin.logentry", "pk": 46, "fields": {"action_time": "2020-10-25T18:56:42.891Z", "user": 1, "content_type": 7, "object_id": "1", "object_repr": "Monday", "action_flag": 1, "change_message": "[{\"added\": {}}]"}}, {"model": "admin.logentry", "pk": 47, "fields": {"action_time": "2020-10-25T18:57:00.078Z", "user": 1, "content_type": 7, "object_id": "2", "object_repr": "Tuesday", "action_flag": 1, "change_message": "[{\"added\": {}}]"}}, {"model": "admin.logentry", "pk": 48, "fields": {"action_time": "2020-10-25T18:58:00.398Z", "user": 1, "content_type": 7, "object_id": "3", "object_repr": "Wednesday", "action_flag": 1, "change_message": "[{\"added\": {}}]"}}, {"model": "admin.logentry", "pk": 49, "fields": {"action_time": "2020-10-25T18:58:08.944Z", "user": 1, "content_type": 7, "object_id": "4", "object_repr": "Thursday", "action_flag": 1, "change_message": "[{\"added\": {}}]"}}, {"model": "admin.logentry", "pk": 50, "fields": {"action_time": "2020-10-25T18:58:18.811Z", "user": 1, "content_type": 7, "object_id": "5", "object_repr": "Friday", "action_flag": 1, "change_message": "[{\"added\": {}}]"}}, {"model": "admin.logentry", "pk": 51, "fields": {"action_time": "2020-10-25T18:58:28.103Z", "user": 1, "content_type": 7, "object_id": "6", "object_repr": "Saturday", "action_flag": 1, "change_message": "[{\"added\": {}}]"}}, {"model": "admin.logentry", "pk": 52, "fields": {"action_time": "2020-10-26T05:43:28.809Z", "user": 1, "content_type": 7, "object_id": "1", "object_repr": "Monday", "action_flag": 2, "change_message": "[{\"changed\": {\"fields\": [\"Status1 1\", \"Status1 2\", \"Status1 3\", \"User1 1\", \"User1 3\"]}}]"}}, {"model": "admin.logentry", "pk": 53, "fields": {"action_time": "2020-10-26T07:19:39.098Z", "user": 1, "content_type": 7, "object_id": "1", "object_repr": "Monday", "action_flag": 2, "change_message": "[{\"changed\": {\"fields\": [\"Status1 1\", \"User1 1\"]}}]"}}, {"model": "admin.logentry", "pk": 54, "fields": {"action_time": "2020-10-26T08:45:25.359Z", "user": 1, "content_type": 7, "object_id": "1", "object_repr": "Monday", "action_flag": 2, "change_message": "[{\"changed\": {\"fields\": [\"Status1 1\", \"User1 1\"]}}]"}}, {"model": "admin.logentry", "pk": 55, "fields": {"action_time": "2020-10-28T16:46:16.070Z", "user": 1, "content_type": 7, "object_id": "1", "object_repr": "2020-10-28", "action_flag": 1, "change_message": "[{\"added\": {}}]"}}, {"model": "admin.logentry", "pk": 56, "fields": {"action_time": "2020-10-28T16:46:21.297Z", "user": 1, "content_type": 7, "object_id": "1", "object_repr": "2020-10-28", "action_flag": 2, "change_message": "[]"}}, {"model": "admin.logentry", "pk": 57, "fields": {"action_time": "2020-10-28T17:02:29.917Z", "user": 1, "content_type": 8, "object_id": "1", "object_repr": "MR1", "action_flag": 1, "change_message": "[{\"added\": {}}]"}}, {"model": "admin.logentry", "pk": 58, "fields": {"action_time": "2020-10-28T17:02:35.158Z", "user": 1, "content_type": 8, "object_id": "1", "object_repr": "MR1", "action_flag": 2, "change_message": "[]"}}, {"model": "admin.logentry", "pk": 59, "fields": {"action_time": "2020-10-28T17:22:58.013Z", "user": 1, "content_type": 8, "object_id": "8", "object_repr": "MR1", "action_flag": 3, "change_message": ""}}, {"model": "admin.logentry", "pk": 60, "fields": {"action_time": "2020-10-28T17:22:58.025Z", "user": 1, "content_type": 8, "object_id": "7", "object_repr": "MR1", "action_flag": 3, "change_message": ""}}, {"model": "admin.logentry", "pk": 61, "fields": {"action_time": "2020-10-28T17:22:58.034Z", "user": 1, "content_type": 8, "object_id": "6", "object_repr": "MR1", "action_flag": 3, "change_message": ""}}, {"model": "admin.logentry", "pk": 62, "fields": {"action_time": "2020-10-28T17:22:58.060Z", "user": 1, "content_type": 8, "object_id": "5", "object_repr": "MR1", "action_flag": 3, "change_message": ""}}, {"model": "admin.logentry", "pk": 63, "fields": {"action_time": "2020-10-28T17:22:58.103Z", "user": 1, "content_type": 8, "object_id": "4", "object_repr": "MR1", "action_flag": 3, "change_message": ""}}, {"model": "admin.logentry", "pk": 64, "fields": {"action_time": "2020-10-28T17:22:58.115Z", "user": 1, "content_type": 8, "object_id": "3", "object_repr": "MR1", "action_flag": 3, "change_message": ""}}, {"model": "admin.logentry", "pk": 65, "fields": {"action_time": "2020-10-28T17:22:58.126Z", "user": 1, "content_type": 8, "object_id": "2", "object_repr": "MR1", "action_flag": 3, "change_message": ""}}, {"model": "admin.logentry", "pk": 66, "fields": {"action_time": "2020-10-28T17:22:58.167Z", "user": 1, "content_type": 8, "object_id": "1", "object_repr": "MR1", "action_flag": 3, "change_message": ""}}, {"model": "admin.logentry", "pk": 67, "fields": {"action_time": "2020-10-28T17:23:38.599Z", "user": 1, "content_type": 8, "object_id": "15", "object_repr": "MR6", "action_flag": 3, "change_message": ""}}, {"model": "admin.logentry", "pk": 68, "fields": {"action_time": "2020-10-28T17:23:38.613Z", "user": 1, "content_type": 8, "object_id": "14", "object_repr": "MR5", "action_flag": 3, "change_message": ""}}, {"model": "admin.logentry", "pk": 69, "fields": {"action_time": "2020-10-28T17:23:38.623Z", "user": 1, "content_type": 8, "object_id": "13", "object_repr": "MR4", "action_flag": 3, "change_message": ""}}, {"model": "admin.logentry", "pk": 70, "fields": {"action_time": "2020-10-28T17:23:38.668Z", "user": 1, "content_type": 8, "object_id": "12", "object_repr": "MR3", "action_flag": 3, "change_message": ""}}, {"model": "admin.logentry", "pk": 71, "fields": {"action_time": "2020-10-28T17:23:38.691Z", "user": 1, "content_type": 8, "object_id": "11", "object_repr": "MR2", "action_flag": 3, "change_message": ""}}, {"model": "admin.logentry", "pk": 72, "fields": {"action_time": "2020-10-28T17:23:38.734Z", "user": 1, "content_type": 8, "object_id": "10", "object_repr": "MR1", "action_flag": 3, "change_message": ""}}, {"model": "admin.logentry", "pk": 73, "fields": {"action_time": "2020-10-28T17:23:38.813Z", "user": 1, "content_type": 8, "object_id": "9", "object_repr": "MR0", "action_flag": 3, "change_message": ""}}, {"model": "admin.logentry", "pk": 74, "fields": {"action_time": "2020-10-28T17:32:50.438Z", "user": 1, "content_type": 9, "object_id": "35", "object_repr": "Slot object (35)", "action_flag": 3, "change_message": ""}}, {"model": "admin.logentry", "pk": 75, "fields": {"action_time": "2020-10-28T17:32:50.452Z", "user": 1, "content_type": 9, "object_id": "34", "object_repr": "Slot object (34)", "action_flag": 3, "change_message": ""}}, {"model": "admin.logentry", "pk": 76, "fields": {"action_time": "2020-10-28T17:32:50.460Z", "user": 1, "content_type": 9, "object_id": "33", "object_repr": "Slot object (33)", "action_flag": 3, "change_message": ""}}, {"model": "admin.logentry", "pk": 77, "fields": {"action_time": "2020-10-28T17:32:50.468Z", "user": 1, "content_type": 9, "object_id": "32", "object_repr": "Slot object (32)", "action_flag": 3, "change_message": ""}}, {"model": "admin.logentry", "pk": 78, "fields": {"action_time": "2020-10-28T17:32:50.478Z", "user": 1, "content_type": 9, "object_id": "31", "object_repr": "Slot object (31)", "action_flag": 3, "change_message": ""}}, {"model": "admin.logentry", "pk": 79, "fields": {"action_time": "2020-10-28T17:32:50.487Z", "user": 1, "content_type": 9, "object_id": "30", "object_repr": "Slot object (30)", "action_flag": 3, "change_message": ""}}, {"model": "admin.logentry", "pk": 80, "fields": {"action_time": "2020-10-28T17:32:50.495Z", "user": 1, "content_type": 9, "object_id": "29", "object_repr": "Slot object (29)", "action_flag": 3, "change_message": ""}}, {"model": "admin.logentry", "pk": 81, "fields": {"action_time": "2020-10-28T17:32:50.503Z", "user": 1, "content_type": 9, "object_id": "28", "object_repr": "Slot object (28)", "action_flag": 3, "change_message": ""}}, {"model": "admin.logentry", "pk": 82, "fields": {"action_time": "2020-10-28T17:32:50.511Z", "user": 1, "content_type": 9, "object_id": "27", "object_repr": "Slot object (27)", "action_flag": 3, "change_message": ""}}, {"model": "admin.logentry", "pk": 83, "fields": {"action_time": "2020-10-28T17:32:50.521Z", "user": 1, "content_type": 9, "object_id": "26", "object_repr": "Slot object (26)", "action_flag": 3, "change_message": ""}}, {"model": "admin.logentry", "pk": 84, "fields": {"action_time": "2020-10-28T17:32:50.529Z", "user": 1, "content_type": 9, "object_id": "25", "object_repr": "Slot object (25)", "action_flag": 3, "change_message": ""}}, {"model": "admin.logentry", "pk": 85, "fields": {"action_time": "2020-10-28T17:32:50.537Z", "user": 1, "content_type": 9, "object_id": "24", "object_repr": "Slot object (24)", "action_flag": 3, "change_message": ""}}, {"model": "admin.logentry", "pk": 86, "fields": {"action_time": "2020-10-28T17:32:50.547Z", "user": 1, "content_type": 9, "object_id": "23", "object_repr": "Slot object (23)", "action_flag": 3, "change_message": ""}}, {"model": "admin.logentry", "pk": 87, "fields": {"action_time": "2020-10-28T17:32:50.555Z", "user": 1, "content_type": 9, "object_id": "22", "object_repr": "Slot object (22)", "action_flag": 3, "change_message": ""}}, {"model": "admin.logentry", "pk": 88, "fields": {"action_time": "2020-10-28T17:32:50.565Z", "user": 1, "content_type": 9, "object_id": "21", "object_repr": "Slot object (21)", "action_flag": 3, "change_message": ""}}, {"model": "admin.logentry", "pk": 89, "fields": {"action_time": "2020-10-28T17:32:50.577Z", "user": 1, "content_type": 9, "object_id": "20", "object_repr": "Slot object (20)", "action_flag": 3, "change_message": ""}}, {"model": "admin.logentry", "pk": 90, "fields": {"action_time": "2020-10-28T17:32:50.587Z", "user": 1, "content_type": 9, "object_id": "19", "object_repr": "Slot object (19)", "action_flag": 3, "change_message": ""}}, {"model": "admin.logentry", "pk": 91, "fields": {"action_time": "2020-10-28T17:32:50.595Z", "user": 1, "content_type": 9, "object_id": "18", "object_repr": "Slot object (18)", "action_flag": 3, "change_message": ""}}, {"model": "admin.logentry", "pk": 92, "fields": {"action_time": "2020-10-28T17:32:50.603Z", "user": 1, "content_type": 9, "object_id": "17", "object_repr": "Slot object (17)", "action_flag": 3, "change_message": ""}}, {"model": "admin.logentry", "pk": 93, "fields": {"action_time": "2020-10-28T17:32:50.611Z", "user": 1, "content_type": 9, "object_id": "16", "object_repr": "Slot object (16)", "action_flag": 3, "change_message": ""}}, {"model": "admin.logentry", "pk": 94, "fields": {"action_time": "2020-10-28T17:32:50.618Z", "user": 1, "content_type": 9, "object_id": "15", "object_repr": "Slot object (15)", "action_flag": 3, "change_message": ""}}, {"model": "admin.logentry", "pk": 95, "fields": {"action_time": "2020-10-28T17:32:50.626Z", "user": 1, "content_type": 9, "object_id": "14", "object_repr": "Slot object (14)", "action_flag": 3, "change_message": ""}}, {"model": "admin.logentry", "pk": 96, "fields": {"action_time": "2020-10-28T17:32:50.634Z", "user": 1, "content_type": 9, "object_id": "13", "object_repr": "Slot object (13)", "action_flag": 3, "change_message": ""}}, {"model": "admin.logentry", "pk": 97, "fields": {"action_time": "2020-10-28T17:32:50.641Z", "user": 1, "content_type": 9, "object_id": "12", "object_repr": "Slot object (12)", "action_flag": 3, "change_message": ""}}, {"model": "admin.logentry", "pk": 98, "fields": {"action_time": "2020-10-28T17:32:50.648Z", "user": 1, "content_type": 9, "object_id": "11", "object_repr": "Slot object (11)", "action_flag": 3, "change_message": ""}}, {"model": "admin.logentry", "pk": 99, "fields": {"action_time": "2020-10-28T17:32:50.655Z", "user": 1, "content_type": 9, "object_id": "10", "object_repr": "Slot object (10)", "action_flag": 3, "change_message": ""}}, {"model": "admin.logentry", "pk": 100, "fields": {"action_time": "2020-10-28T17:32:50.662Z", "user": 1, "content_type": 9, "object_id": "9", "object_repr": "Slot object (9)", "action_flag": 3, "change_message": ""}}, {"model": "admin.logentry", "pk": 101, "fields": {"action_time": "2020-10-28T17:32:50.670Z", "user": 1, "content_type": 9, "object_id": "8", "object_repr": "Slot object (8)", "action_flag": 3, "change_message": ""}}, {"model": "admin.logentry", "pk": 102, "fields": {"action_time": "2020-10-28T17:32:50.677Z", "user": 1, "content_type": 9, "object_id": "7", "object_repr": "Slot object (7)", "action_flag": 3, "change_message": ""}}, {"model": "admin.logentry", "pk": 103, "fields": {"action_time": "2020-10-28T17:32:50.683Z", "user": 1, "content_type": 9, "object_id": "6", "object_repr": "Slot object (6)", "action_flag": 3, "change_message": ""}}, {"model": "admin.logentry", "pk": 104, "fields": {"action_time": "2020-10-28T17:32:50.691Z", "user": 1, "content_type": 9, "object_id": "5", "object_repr": "Slot object (5)", "action_flag": 3, "change_message": ""}}, {"model": "admin.logentry", "pk": 105, "fields": {"action_time": "2020-10-28T17:32:50.699Z", "user": 1, "content_type": 9, "object_id": "4", "object_repr": "Slot object (4)", "action_flag": 3, "change_message": ""}}, {"model": "admin.logentry", "pk": 106, "fields": {"action_time": "2020-10-28T17:32:50.707Z", "user": 1, "content_type": 9, "object_id": "3", "object_repr": "Slot object (3)", "action_flag": 3, "change_message": ""}}, {"model": "admin.logentry", "pk": 107, "fields": {"action_time": "2020-10-28T17:32:50.713Z", "user": 1, "content_type": 9, "object_id": "2", "object_repr": "Slot object (2)", "action_flag": 3, "change_message": ""}}, {"model": "admin.logentry", "pk": 108, "fields": {"action_time": "2020-10-28T17:32:50.721Z", "user": 1, "content_type": 9, "object_id": "1", "object_repr": "Slot object (1)", "action_flag": 3, "change_message": ""}}, {"model": "admin.logentry", "pk": 109, "fields": {"action_time": "2020-10-28T17:40:04.211Z", "user": 1, "content_type": 9, "object_id": "70", "object_repr": "Slot object (70)", "action_flag": 3, "change_message": ""}}, {"model": "admin.logentry", "pk": 110, "fields": {"action_time": "2020-10-28T17:40:04.221Z", "user": 1, "content_type": 9, "object_id": "69", "object_repr": "Slot object (69)", "action_flag": 3, "change_message": ""}}, {"model": "admin.logentry", "pk": 111, "fields": {"action_time": "2020-10-28T17:40:04.230Z", "user": 1, "content_type": 9, "object_id": "68", "object_repr": "Slot object (68)", "action_flag": 3, "change_message": ""}}, {"model": "admin.logentry", "pk": 112, "fields": {"action_time": "2020-10-28T17:40:04.239Z", "user": 1, "content_type": 9, "object_id": "67", "object_repr": "Slot object (67)", "action_flag": 3, "change_message": ""}}, {"model": "admin.logentry", "pk": 113, "fields": {"action_time": "2020-10-28T17:40:04.247Z", "user": 1, "content_type": 9, "object_id": "66", "object_repr": "Slot object (66)", "action_flag": 3, "change_message": ""}}, {"model": "admin.logentry", "pk": 114, "fields": {"action_time": "2020-10-28T17:40:04.255Z", "user": 1, "content_type": 9, "object_id": "65", "object_repr": "Slot object (65)", "action_flag": 3, "change_message": ""}}, {"model": "admin.logentry", "pk": 115, "fields": {"action_time": "2020-10-28T17:40:04.264Z", "user": 1, "content_type": 9, "object_id": "64", "object_repr": "Slot object (64)", "action_flag": 3, "change_message": ""}}, {"model": "admin.logentry", "pk": 116, "fields": {"action_time": "2020-10-28T17:40:04.272Z", "user": 1, "content_type": 9, "object_id": "63", "object_repr": "Slot object (63)", "action_flag": 3, "change_message": ""}}, {"model": "admin.logentry", "pk": 117, "fields": {"action_time": "2020-10-28T17:40:04.281Z", "user": 1, "content_type": 9, "object_id": "62", "object_repr": "Slot object (62)", "action_flag": 3, "change_message": ""}}, {"model": "admin.logentry", "pk": 118, "fields": {"action_time": "2020-10-28T17:40:04.288Z", "user": 1, "content_type": 9, "object_id": "61", "object_repr": "Slot object (61)", "action_flag": 3, "change_message": ""}}, {"model": "admin.logentry", "pk": 119, "fields": {"action_time": "2020-10-28T17:40:04.295Z", "user": 1, "content_type": 9, "object_id": "60", "object_repr": "Slot object (60)", "action_flag": 3, "change_message": ""}}, {"model": "admin.logentry", "pk": 120, "fields": {"action_time": "2020-10-28T17:40:04.302Z", "user": 1, "content_type": 9, "object_id": "59", "object_repr": "Slot object (59)", "action_flag": 3, "change_message": ""}}, {"model": "admin.logentry", "pk": 121, "fields": {"action_time": "2020-10-28T17:40:04.310Z", "user": 1, "content_type": 9, "object_id": "58", "object_repr": "Slot object (58)", "action_flag": 3, "change_message": ""}}, {"model": "admin.logentry", "pk": 122, "fields": {"action_time": "2020-10-28T17:40:04.318Z", "user": 1, "content_type": 9, "object_id": "57", "object_repr": "Slot object (57)", "action_flag": 3, "change_message": ""}}, {"model": "admin.logentry", "pk": 123, "fields": {"action_time": "2020-10-28T17:40:04.325Z", "user": 1, "content_type": 9, "object_id": "56", "object_repr": "Slot object (56)", "action_flag": 3, "change_message": ""}}, {"model": "admin.logentry", "pk": 124, "fields": {"action_time": "2020-10-28T17:40:04.332Z", "user": 1, "content_type": 9, "object_id": "55", "object_repr": "Slot object (55)", "action_flag": 3, "change_message": ""}}, {"model": "admin.logentry", "pk": 125, "fields": {"action_time": "2020-10-28T17:40:04.340Z", "user": 1, "content_type": 9, "object_id": "54", "object_repr": "Slot object (54)", "action_flag": 3, "change_message": ""}}, {"model": "admin.logentry", "pk": 126, "fields": {"action_time": "2020-10-28T17:40:04.347Z", "user": 1, "content_type": 9, "object_id": "53", "object_repr": "Slot object (53)", "action_flag": 3, "change_message": ""}}, {"model": "admin.logentry", "pk": 127, "fields": {"action_time": "2020-10-28T17:40:04.355Z", "user": 1, "content_type": 9, "object_id": "52", "object_repr": "Slot object (52)", "action_flag": 3, "change_message": ""}}, {"model": "admin.logentry", "pk": 128, "fields": {"action_time": "2020-10-28T17:40:04.362Z", "user": 1, "content_type": 9, "object_id": "51", "object_repr": "Slot object (51)", "action_flag": 3, "change_message": ""}}, {"model": "admin.logentry", "pk": 129, "fields": {"action_time": "2020-10-28T17:40:04.369Z", "user": 1, "content_type": 9, "object_id": "50", "object_repr": "Slot object (50)", "action_flag": 3, "change_message": ""}}, {"model": "admin.logentry", "pk": 130, "fields": {"action_time": "2020-10-28T17:40:04.376Z", "user": 1, "content_type": 9, "object_id": "49", "object_repr": "Slot object (49)", "action_flag": 3, "change_message": ""}}, {"model": "admin.logentry", "pk": 131, "fields": {"action_time": "2020-10-28T17:40:04.382Z", "user": 1, "content_type": 9, "object_id": "48", "object_repr": "Slot object (48)", "action_flag": 3, "change_message": ""}}, {"model": "admin.logentry", "pk": 132, "fields": {"action_time": "2020-10-28T17:40:04.416Z", "user": 1, "content_type": 9, "object_id": "47", "object_repr": "Slot object (47)", "action_flag": 3, "change_message": ""}}, {"model": "admin.logentry", "pk": 133, "fields": {"action_time": "2020-10-28T17:40:04.425Z", "user": 1, "content_type": 9, "object_id": "46", "object_repr": "Slot object (46)", "action_flag": 3, "change_message": ""}}, {"model": "admin.logentry", "pk": 134, "fields": {"action_time": "2020-10-28T17:40:04.433Z", "user": 1, "content_type": 9, "object_id": "45", "object_repr": "Slot object (45)", "action_flag": 3, "change_message": ""}}, {"model": "admin.logentry", "pk": 135, "fields": {"action_time": "2020-10-28T17:40:04.442Z", "user": 1, "content_type": 9, "object_id": "44", "object_repr": "Slot object (44)", "action_flag": 3, "change_message": ""}}, {"model": "admin.logentry", "pk": 136, "fields": {"action_time": "2020-10-28T17:40:04.451Z", "user": 1, "content_type": 9, "object_id": "43", "object_repr": "Slot object (43)", "action_flag": 3, "change_message": ""}}, {"model": "admin.logentry", "pk": 137, "fields": {"action_time": "2020-10-28T17:40:04.459Z", "user": 1, "content_type": 9, "object_id": "42", "object_repr": "Slot object (42)", "action_flag": 3, "change_message": ""}}, {"model": "admin.logentry", "pk": 138, "fields": {"action_time": "2020-10-28T17:40:04.466Z", "user": 1, "content_type": 9, "object_id": "41", "object_repr": "Slot object (41)", "action_flag": 3, "change_message": ""}}, {"model": "admin.logentry", "pk": 139, "fields": {"action_time": "2020-10-28T17:40:04.474Z", "user": 1, "content_type": 9, "object_id": "40", "object_repr": "Slot object (40)", "action_flag": 3, "change_message": ""}}, {"model": "admin.logentry", "pk": 140, "fields": {"action_time": "2020-10-28T17:40:04.483Z", "user": 1, "content_type": 9, "object_id": "39", "object_repr": "Slot object (39)", "action_flag": 3, "change_message": ""}}, {"model": "admin.logentry", "pk": 141, "fields": {"action_time": "2020-10-28T17:40:04.516Z", "user": 1, "content_type": 9, "object_id": "38", "object_repr": "Slot object (38)", "action_flag": 3, "change_message": ""}}, {"model": "admin.logentry", "pk": 142, "fields": {"action_time": "2020-10-28T17:40:04.524Z", "user": 1, "content_type": 9, "object_id": "37", "object_repr": "Slot object (37)", "action_flag": 3, "change_message": ""}}, {"model": "admin.logentry", "pk": 143, "fields": {"action_time": "2020-10-28T17:40:04.532Z", "user": 1, "content_type": 9, "object_id": "36", "object_repr": "Slot object (36)", "action_flag": 3, "change_message": ""}}, {"model": "admin.logentry", "pk": 144, "fields": {"action_time": "2020-10-28T17:53:37.986Z", "user": 1, "content_type": 9, "object_id": "35", "object_repr": "Slot object (35)", "action_flag": 3, "change_message": ""}}, {"model": "admin.logentry", "pk": 145, "fields": {"action_time": "2020-10-28T17:53:38.004Z", "user": 1, "content_type": 9, "object_id": "34", "object_repr": "Slot object (34)", "action_flag": 3, "change_message": ""}}, {"model": "admin.logentry", "pk": 146, "fields": {"action_time": "2020-10-28T17:53:38.015Z", "user": 1, "content_type": 9, "object_id": "33", "object_repr": "Slot object (33)", "action_flag": 3, "change_message": ""}}, {"model": "admin.logentry", "pk": 147, "fields": {"action_time": "2020-10-28T17:53:38.027Z", "user": 1, "content_type": 9, "object_id": "32", "object_repr": "Slot object (32)", "action_flag": 3, "change_message": ""}}, {"model": "admin.logentry", "pk": 148, "fields": {"action_time": "2020-10-28T17:53:38.042Z", "user": 1, "content_type": 9, "object_id": "31", "object_repr": "Slot object (31)", "action_flag": 3, "change_message": ""}}, {"model": "admin.logentry", "pk": 149, "fields": {"action_time": "2020-10-28T17:53:38.064Z", "user": 1, "content_type": 9, "object_id": "30", "object_repr": "Slot object (30)", "action_flag": 3, "change_message": ""}}, {"model": "admin.logentry", "pk": 150, "fields": {"action_time": "2020-10-28T17:53:38.078Z", "user": 1, "content_type": 9, "object_id": "29", "object_repr": "Slot object (29)", "action_flag": 3, "change_message": ""}}, {"model": "admin.logentry", "pk": 151, "fields": {"action_time": "2020-10-28T17:53:38.092Z", "user": 1, "content_type": 9, "object_id": "28", "object_repr": "Slot object (28)", "action_flag": 3, "change_message": ""}}, {"model": "admin.logentry", "pk": 152, "fields": {"action_time": "2020-10-28T17:53:38.117Z", "user": 1, "content_type": 9, "object_id": "27", "object_repr": "Slot object (27)", "action_flag": 3, "change_message": ""}}, {"model": "admin.logentry", "pk": 153, "fields": {"action_time": "2020-10-28T17:53:38.131Z", "user": 1, "content_type": 9, "object_id": "26", "object_repr": "Slot object (26)", "action_flag": 3, "change_message": ""}}, {"model": "admin.logentry", "pk": 154, "fields": {"action_time": "2020-10-28T17:53:38.144Z", "user": 1, "content_type": 9, "object_id": "25", "object_repr": "Slot object (25)", "action_flag": 3, "change_message": ""}}, {"model": "admin.logentry", "pk": 155, "fields": {"action_time": "2020-10-28T17:53:38.158Z", "user": 1, "content_type": 9, "object_id": "24", "object_repr": "Slot object (24)", "action_flag": 3, "change_message": ""}}, {"model": "admin.logentry", "pk": 156, "fields": {"action_time": "2020-10-28T17:53:38.173Z", "user": 1, "content_type": 9, "object_id": "23", "object_repr": "Slot object (23)", "action_flag": 3, "change_message": ""}}, {"model": "admin.logentry", "pk": 157, "fields": {"action_time": "2020-10-28T17:53:38.189Z", "user": 1, "content_type": 9, "object_id": "22", "object_repr": "Slot object (22)", "action_flag": 3, "change_message": ""}}, {"model": "admin.logentry", "pk": 158, "fields": {"action_time": "2020-10-28T17:53:38.214Z", "user": 1, "content_type": 9, "object_id": "21", "object_repr": "Slot object (21)", "action_flag": 3, "change_message": ""}}, {"model": "admin.logentry", "pk": 159, "fields": {"action_time": "2020-10-28T17:53:38.228Z", "user": 1, "content_type": 9, "object_id": "20", "object_repr": "Slot object (20)", "action_flag": 3, "change_message": ""}}, {"model": "admin.logentry", "pk": 160, "fields": {"action_time": "2020-10-28T17:53:38.245Z", "user": 1, "content_type": 9, "object_id": "19", "object_repr": "Slot object (19)", "action_flag": 3, "change_message": ""}}, {"model": "admin.logentry", "pk": 161, "fields": {"action_time": "2020-10-28T17:53:38.259Z", "user": 1, "content_type": 9, "object_id": "18", "object_repr": "Slot object (18)", "action_flag": 3, "change_message": ""}}, {"model": "admin.logentry", "pk": 162, "fields": {"action_time": "2020-10-28T17:53:38.273Z", "user": 1, "content_type": 9, "object_id": "17", "object_repr": "Slot object (17)", "action_flag": 3, "change_message": ""}}, {"model": "admin.logentry", "pk": 163, "fields": {"action_time": "2020-10-28T17:53:38.288Z", "user": 1, "content_type": 9, "object_id": "16", "object_repr": "Slot object (16)", "action_flag": 3, "change_message": ""}}, {"model": "admin.logentry", "pk": 164, "fields": {"action_time": "2020-10-28T17:53:38.306Z", "user": 1, "content_type": 9, "object_id": "15", "object_repr": "Slot object (15)", "action_flag": 3, "change_message": ""}}, {"model": "admin.logentry", "pk": 165, "fields": {"action_time": "2020-10-28T17:53:38.321Z", "user": 1, "content_type": 9, "object_id": "14", "object_repr": "Slot object (14)", "action_flag": 3, "change_message": ""}}, {"model": "admin.logentry", "pk": 166, "fields": {"action_time": "2020-10-28T17:53:38.336Z", "user": 1, "content_type": 9, "object_id": "13", "object_repr": "Slot object (13)", "action_flag": 3, "change_message": ""}}, {"model": "admin.logentry", "pk": 167, "fields": {"action_time": "2020-10-28T17:53:38.357Z", "user": 1, "content_type": 9, "object_id": "12", "object_repr": "Slot object (12)", "action_flag": 3, "change_message": ""}}, {"model": "admin.logentry", "pk": 168, "fields": {"action_time": "2020-10-28T17:53:38.373Z", "user": 1, "content_type": 9, "object_id": "11", "object_repr": "Slot object (11)", "action_flag": 3, "change_message": ""}}, {"model": "admin.logentry", "pk": 169, "fields": {"action_time": "2020-10-28T17:53:38.393Z", "user": 1, "content_type": 9, "object_id": "10", "object_repr": "Slot object (10)", "action_flag": 3, "change_message": ""}}, {"model": "admin.logentry", "pk": 170, "fields": {"action_time": "2020-10-28T17:53:38.408Z", "user": 1, "content_type": 9, "object_id": "9", "object_repr": "Slot object (9)", "action_flag": 3, "change_message": ""}}, {"model": "admin.logentry", "pk": 171, "fields": {"action_time": "2020-10-28T17:53:38.433Z", "user": 1, "content_type": 9, "object_id": "8", "object_repr": "Slot object (8)", "action_flag": 3, "change_message": ""}}, {"model": "admin.logentry", "pk": 172, "fields": {"action_time": "2020-10-28T17:53:38.454Z", "user": 1, "content_type": 9, "object_id": "7", "object_repr": "Slot object (7)", "action_flag": 3, "change_message": ""}}, {"model": "admin.logentry", "pk": 173, "fields": {"action_time": "2020-10-28T17:53:38.476Z", "user": 1, "content_type": 9, "object_id": "6", "object_repr": "Slot object (6)", "action_flag": 3, "change_message": ""}}, {"model": "admin.logentry", "pk": 174, "fields": {"action_time": "2020-10-28T17:53:38.493Z", "user": 1, "content_type": 9, "object_id": "5", "object_repr": "Slot object (5)", "action_flag": 3, "change_message": ""}}, {"model": "admin.logentry", "pk": 175, "fields": {"action_time": "2020-10-28T17:53:38.506Z", "user": 1, "content_type": 9, "object_id": "4", "object_repr": "Slot object (4)", "action_flag": 3, "change_message": ""}}, {"model": "admin.logentry", "pk": 176, "fields": {"action_time": "2020-10-28T17:53:38.522Z", "user": 1, "content_type": 9, "object_id": "3", "object_repr": "Slot object (3)", "action_flag": 3, "change_message": ""}}, {"model": "admin.logentry", "pk": 177, "fields": {"action_time": "2020-10-28T17:53:38.536Z", "user": 1, "content_type": 9, "object_id": "2", "object_repr": "Slot object (2)", "action_flag": 3, "change_message": ""}}, {"model": "admin.logentry", "pk": 178, "fields": {"action_time": "2020-10-28T17:53:38.554Z", "user": 1, "content_type": 9, "object_id": "1", "object_repr": "Slot object (1)", "action_flag": 3, "change_message": ""}}, {"model": "admin.logentry", "pk": 179, "fields": {"action_time": "2020-10-28T18:14:35.237Z", "user": 1, "content_type": 9, "object_id": "280", "object_repr": "Slot 5 of MR7 on 2020-10-28", "action_flag": 3, "change_message": ""}}, {"model": "admin.logentry", "pk": 180, "fields": {"action_time": "2020-10-28T18:14:35.245Z", "user": 1, "content_type": 9, "object_id": "279", "object_repr": "Slot 4 of MR7 on 2020-10-28", "action_flag": 3, "change_message": ""}}, {"model": "admin.logentry", "pk": 181, "fields": {"action_time": "2020-10-28T18:14:35.251Z", "user": 1, "content_type": 9, "object_id": "278", "object_repr": "Slot 3 of MR7 on 2020-10-28", "action_flag": 3, "change_message": ""}}, {"model": "admin.logentry", "pk": 182, "fields": {"action_time": "2020-10-28T18:14:35.258Z", "user": 1, "content_type": 9, "object_id": "277", "object_repr": "Slot 2 of MR7 on 2020-10-28", "action_flag": 3, "change_message": ""}}, {"model": "admin.logentry", "pk": 183, "fields": {"action_time": "2020-10-28T18:14:35.266Z", "user": 1, "content_type": 9, "object_id": "276", "object_repr": "Slot 1 of MR7 on 2020-10-28", "action_flag": 3, "change_message": ""}}, {"model": "admin.logentry", "pk": 184, "fields": {"action_time": "2020-10-28T18:14:35.274Z", "user": 1, "content_type": 9, "object_id": "275", "object_repr": "Slot 5 of MR7 on 2020-10-28", "action_flag": 3, "change_message": ""}}, {"model": "admin.logentry", "pk": 185, "fields": {"action_time": "2020-10-28T18:14:35.283Z", "user": 1, "content_type": 9, "object_id": "274", "object_repr": "Slot 4 of MR7 on 2020-10-28", "action_flag": 3, "change_message": ""}}, {"model": "admin.logentry", "pk": 186, "fields": {"action_time": "2020-10-28T18:14:35.291Z", "user": 1, "content_type": 9, "object_id": "273", "object_repr": "Slot 3 of MR7 on 2020-10-28", "action_flag": 3, "change_message": ""}}, {"model": "admin.logentry", "pk": 187, "fields": {"action_time": "2020-10-28T18:14:35.298Z", "user": 1, "content_type": 9, "object_id": "272", "object_repr": "Slot 2 of MR7 on 2020-10-28", "action_flag": 3, "change_message": ""}}, {"model": "admin.logentry", "pk": 188, "fields": {"action_time": "2020-10-28T18:14:35.306Z", "user": 1, "content_type": 9, "object_id": "271", "object_repr": "Slot 1 of MR7 on 2020-10-28", "action_flag": 3, "change_message": ""}}, {"model": "admin.logentry", "pk": 189, "fields": {"action_time": "2020-10-28T18:14:35.314Z", "user": 1, "content_type": 9, "object_id": "270", "object_repr": "Slot 5 of MR7 on 2020-10-28", "action_flag": 3, "change_message": ""}}, {"model": "admin.logentry", "pk": 190, "fields": {"action_time": "2020-10-28T18:14:35.321Z", "user": 1, "content_type": 9, "object_id": "269", "object_repr": "Slot 4 of MR7 on 2020-10-28", "action_flag": 3, "change_message": ""}}, {"model": "admin.logentry", "pk": 191, "fields": {"action_time": "2020-10-28T18:14:35.329Z", "user": 1, "content_type": 9, "object_id": "268", "object_repr": "Slot 3 of MR7 on 2020-10-28", "action_flag": 3, "change_message": ""}}, {"model": "admin.logentry", "pk": 192, "fields": {"action_time": "2020-10-28T18:14:35.337Z", "user": 1, "content_type": 9, "object_id": "267", "object_repr": "Slot 2 of MR7 on 2020-10-28", "action_flag": 3, "change_message": ""}}, {"model": "admin.logentry", "pk": 193, "fields": {"action_time": "2020-10-28T18:14:35.346Z", "user": 1, "content_type": 9, "object_id": "266", "object_repr": "Slot 1 of MR7 on 2020-10-28", "action_flag": 3, "change_message": ""}}, {"model": "admin.logentry", "pk": 194, "fields": {"action_time": "2020-10-28T18:14:35.354Z", "user": 1, "content_type": 9, "object_id": "265", "object_repr": "Slot 5 of MR7 on 2020-10-28", "action_flag": 3, "change_message": ""}}, {"model": "admin.logentry", "pk": 195, "fields": {"action_time": "2020-10-28T18:14:35.361Z", "user": 1, "content_type": 9, "object_id": "264", "object_repr": "Slot 4 of MR7 on 2020-10-28", "action_flag": 3, "change_message": ""}}, {"model": "admin.logentry", "pk": 196, "fields": {"action_time": "2020-10-28T18:14:35.369Z", "user": 1, "content_type": 9, "object_id": "263", "object_repr": "Slot 3 of MR7 on 2020-10-28", "action_flag": 3, "change_message": ""}}, {"model": "admin.logentry", "pk": 197, "fields": {"action_time": "2020-10-28T18:14:35.376Z", "user": 1, "content_type": 9, "object_id": "262", "object_repr": "Slot 2 of MR7 on 2020-10-28", "action_flag": 3, "change_message": ""}}, {"model": "admin.logentry", "pk": 198, "fields": {"action_time": "2020-10-28T18:14:35.383Z", "user": 1, "content_type": 9, "object_id": "261", "object_repr": "Slot 1 of MR7 on 2020-10-28", "action_flag": 3, "change_message": ""}}, {"model": "admin.logentry", "pk": 199, "fields": {"action_time": "2020-10-28T18:14:35.391Z", "user": 1, "content_type": 9, "object_id": "260", "object_repr": "Slot 5 of MR7 on 2020-10-28", "action_flag": 3, "change_message": ""}}, {"model": "admin.logentry", "pk": 200, "fields": {"action_time": "2020-10-28T18:14:35.398Z", "user": 1, "content_type": 9, "object_id": "259", "object_repr": "Slot 4 of MR7 on 2020-10-28", "action_flag": 3, "change_message": ""}}, {"model": "admin.logentry", "pk": 201, "fields": {"action_time": "2020-10-28T18:14:35.405Z", "user": 1, "content_type": 9, "object_id": "258", "object_repr": "Slot 3 of MR7 on 2020-10-28", "action_flag": 3, "change_message": ""}}, {"model": "admin.logentry", "pk": 202, "fields": {"action_time": "2020-10-28T18:14:35.413Z", "user": 1, "content_type": 9, "object_id": "257", "object_repr": "Slot 2 of MR7 on 2020-10-28", "action_flag": 3, "change_message": ""}}, {"model": "admin.logentry", "pk": 203, "fields": {"action_time": "2020-10-28T18:14:35.419Z", "user": 1, "content_type": 9, "object_id": "256", "object_repr": "Slot 1 of MR7 on 2020-10-28", "action_flag": 3, "change_message": ""}}, {"model": "admin.logentry", "pk": 204, "fields": {"action_time": "2020-10-28T18:14:35.427Z", "user": 1, "content_type": 9, "object_id": "255", "object_repr": "Slot 5 of MR7 on 2020-10-28", "action_flag": 3, "change_message": ""}}, {"model": "admin.logentry", "pk": 205, "fields": {"action_time": "2020-10-28T18:14:35.435Z", "user": 1, "content_type": 9, "object_id": "254", "object_repr": "Slot 4 of MR7 on 2020-10-28", "action_flag": 3, "change_message": ""}}, {"model": "admin.logentry", "pk": 206, "fields": {"action_time": "2020-10-28T18:14:35.442Z", "user": 1, "content_type": 9, "object_id": "253", "object_repr": "Slot 3 of MR7 on 2020-10-28", "action_flag": 3, "change_message": ""}}, {"model": "admin.logentry", "pk": 207, "fields": {"action_time": "2020-10-28T18:14:35.448Z", "user": 1, "content_type": 9, "object_id": "252", "object_repr": "Slot 2 of MR7 on 2020-10-28", "action_flag": 3, "change_message": ""}}, {"model": "admin.logentry", "pk": 208, "fields": {"action_time": "2020-10-28T18:14:35.455Z", "user": 1, "content_type": 9, "object_id": "251", "object_repr": "Slot 1 of MR7 on 2020-10-28", "action_flag": 3, "change_message": ""}}, {"model": "admin.logentry", "pk": 209, "fields": {"action_time": "2020-10-28T18:14:35.462Z", "user": 1, "content_type": 9, "object_id": "250", "object_repr": "Slot 5 of MR7 on 2020-10-28", "action_flag": 3, "change_message": ""}}, {"model": "admin.logentry", "pk": 210, "fields": {"action_time": "2020-10-28T18:14:35.469Z", "user": 1, "content_type": 9, "object_id": "249", "object_repr": "Slot 4 of MR7 on 2020-10-28", "action_flag": 3, "change_message": ""}}, {"model": "admin.logentry", "pk": 211, "fields": {"action_time": "2020-10-28T18:14:35.476Z", "user": 1, "content_type": 9, "object_id": "248", "object_repr": "Slot 3 of MR7 on 2020-10-28", "action_flag": 3, "change_message": ""}}, {"model": "admin.logentry", "pk": 212, "fields": {"action_time": "2020-10-28T18:14:35.483Z", "user": 1, "content_type": 9, "object_id": "247", "object_repr": "Slot 2 of MR7 on 2020-10-28", "action_flag": 3, "change_message": ""}}, {"model": "admin.logentry", "pk": 213, "fields": {"action_time": "2020-10-28T18:14:35.490Z", "user": 1, "content_type": 9, "object_id": "246", "object_repr": "Slot 1 of MR7 on 2020-10-28", "action_flag": 3, "change_message": ""}}, {"model": "admin.logentry", "pk": 214, "fields": {"action_time": "2020-10-28T18:14:35.497Z", "user": 1, "content_type": 9, "object_id": "245", "object_repr": "Slot 5 of MR6 on 2020-10-28", "action_flag": 3, "change_message": ""}}, {"model": "admin.logentry", "pk": 215, "fields": {"action_time": "2020-10-28T18:14:35.504Z", "user": 1, "content_type": 9, "object_id": "244", "object_repr": "Slot 4 of MR6 on 2020-10-28", "action_flag": 3, "change_message": ""}}, {"model": "admin.logentry", "pk": 216, "fields": {"action_time": "2020-10-28T18:14:35.511Z", "user": 1, "content_type": 9, "object_id": "243", "object_repr": "Slot 3 of MR6 on 2020-10-28", "action_flag": 3, "change_message": ""}}, {"model": "admin.logentry", "pk": 217, "fields": {"action_time": "2020-10-28T18:14:35.517Z", "user": 1, "content_type": 9, "object_id": "242", "object_repr": "Slot 2 of MR6 on 2020-10-28", "action_flag": 3, "change_message": ""}}, {"model": "admin.logentry", "pk": 218, "fields": {"action_time": "2020-10-28T18:14:35.524Z", "user": 1, "content_type": 9, "object_id": "241", "object_repr": "Slot 1 of MR6 on 2020-10-28", "action_flag": 3, "change_message": ""}}, {"model": "admin.logentry", "pk": 219, "fields": {"action_time": "2020-10-28T18:14:35.533Z", "user": 1, "content_type": 9, "object_id": "240", "object_repr": "Slot 5 of MR6 on 2020-10-28", "action_flag": 3, "change_message": ""}}, {"model": "admin.logentry", "pk": 220, "fields": {"action_time": "2020-10-28T18:14:35.540Z", "user": 1, "content_type": 9, "object_id": "239", "object_repr": "Slot 4 of MR6 on 2020-10-28", "action_flag": 3, "change_message": ""}}, {"model": "admin.logentry", "pk": 221, "fields": {"action_time": "2020-10-28T18:14:35.548Z", "user": 1, "content_type": 9, "object_id": "238", "object_repr": "Slot 3 of MR6 on 2020-10-28", "action_flag": 3, "change_message": ""}}, {"model": "admin.logentry", "pk": 222, "fields": {"action_time": "2020-10-28T18:14:35.556Z", "user": 1, "content_type": 9, "object_id": "237", "object_repr": "Slot 2 of MR6 on 2020-10-28", "action_flag": 3, "change_message": ""}}, {"model": "admin.logentry", "pk": 223, "fields": {"action_time": "2020-10-28T18:14:35.563Z", "user": 1, "content_type": 9, "object_id": "236", "object_repr": "Slot 1 of MR6 on 2020-10-28", "action_flag": 3, "change_message": ""}}, {"model": "admin.logentry", "pk": 224, "fields": {"action_time": "2020-10-28T18:14:35.571Z", "user": 1, "content_type": 9, "object_id": "235", "object_repr": "Slot 5 of MR6 on 2020-10-28", "action_flag": 3, "change_message": ""}}, {"model": "admin.logentry", "pk": 225, "fields": {"action_time": "2020-10-28T18:14:35.578Z", "user": 1, "content_type": 9, "object_id": "234", "object_repr": "Slot 4 of MR6 on 2020-10-28", "action_flag": 3, "change_message": ""}}, {"model": "admin.logentry", "pk": 226, "fields": {"action_time": "2020-10-28T18:14:35.585Z", "user": 1, "content_type": 9, "object_id": "233", "object_repr": "Slot 3 of MR6 on 2020-10-28", "action_flag": 3, "change_message": ""}}, {"model": "admin.logentry", "pk": 227, "fields": {"action_time": "2020-10-28T18:14:35.592Z", "user": 1, "content_type": 9, "object_id": "232", "object_repr": "Slot 2 of MR6 on 2020-10-28", "action_flag": 3, "change_message": ""}}, {"model": "admin.logentry", "pk": 228, "fields": {"action_time": "2020-10-28T18:14:35.600Z", "user": 1, "content_type": 9, "object_id": "231", "object_repr": "Slot 1 of MR6 on 2020-10-28", "action_flag": 3, "change_message": ""}}, {"model": "admin.logentry", "pk": 229, "fields": {"action_time": "2020-10-28T18:14:35.608Z", "user": 1, "content_type": 9, "object_id": "230", "object_repr": "Slot 5 of MR6 on 2020-10-28", "action_flag": 3, "change_message": ""}}, {"model": "admin.logentry", "pk": 230, "fields": {"action_time": "2020-10-28T18:14:35.617Z", "user": 1, "content_type": 9, "object_id": "229", "object_repr": "Slot 4 of MR6 on 2020-10-28", "action_flag": 3, "change_message": ""}}, {"model": "admin.logentry", "pk": 231, "fields": {"action_time": "2020-10-28T18:14:35.627Z", "user": 1, "content_type": 9, "object_id": "228", "object_repr": "Slot 3 of MR6 on 2020-10-28", "action_flag": 3, "change_message": ""}}, {"model": "admin.logentry", "pk": 232, "fields": {"action_time": "2020-10-28T18:14:35.636Z", "user": 1, "content_type": 9, "object_id": "227", "object_repr": "Slot 2 of MR6 on 2020-10-28", "action_flag": 3, "change_message": ""}}, {"model": "admin.logentry", "pk": 233, "fields": {"action_time": "2020-10-28T18:14:35.644Z", "user": 1, "content_type": 9, "object_id": "226", "object_repr": "Slot 1 of MR6 on 2020-10-28", "action_flag": 3, "change_message": ""}}, {"model": "admin.logentry", "pk": 234, "fields": {"action_time": "2020-10-28T18:14:35.652Z", "user": 1, "content_type": 9, "object_id": "225", "object_repr": "Slot 5 of MR6 on 2020-10-28", "action_flag": 3, "change_message": ""}}, {"model": "admin.logentry", "pk": 235, "fields": {"action_time": "2020-10-28T18:14:35.660Z", "user": 1, "content_type": 9, "object_id": "224", "object_repr": "Slot 4 of MR6 on 2020-10-28", "action_flag": 3, "change_message": ""}}, {"model": "admin.logentry", "pk": 236, "fields": {"action_time": "2020-10-28T18:14:35.667Z", "user": 1, "content_type": 9, "object_id": "223", "object_repr": "Slot 3 of MR6 on 2020-10-28", "action_flag": 3, "change_message": ""}}, {"model": "admin.logentry", "pk": 237, "fields": {"action_time": "2020-10-28T18:14:35.675Z", "user": 1, "content_type": 9, "object_id": "222", "object_repr": "Slot 2 of MR6 on 2020-10-28", "action_flag": 3, "change_message": ""}}, {"model": "admin.logentry", "pk": 238, "fields": {"action_time": "2020-10-28T18:14:35.682Z", "user": 1, "content_type": 9, "object_id": "221", "object_repr": "Slot 1 of MR6 on 2020-10-28", "action_flag": 3, "change_message": ""}}, {"model": "admin.logentry", "pk": 239, "fields": {"action_time": "2020-10-28T18:14:35.688Z", "user": 1, "content_type": 9, "object_id": "220", "object_repr": "Slot 5 of MR6 on 2020-10-28", "action_flag": 3, "change_message": ""}}, {"model": "admin.logentry", "pk": 240, "fields": {"action_time": "2020-10-28T18:14:35.698Z", "user": 1, "content_type": 9, "object_id": "219", "object_repr": "Slot 4 of MR6 on 2020-10-28", "action_flag": 3, "change_message": ""}}, {"model": "admin.logentry", "pk": 241, "fields": {"action_time": "2020-10-28T18:14:35.705Z", "user": 1, "content_type": 9, "object_id": "218", "object_repr": "Slot 3 of MR6 on 2020-10-28", "action_flag": 3, "change_message": ""}}, {"model": "admin.logentry", "pk": 242, "fields": {"action_time": "2020-10-28T18:14:35.713Z", "user": 1, "content_type": 9, "object_id": "217", "object_repr": "Slot 2 of MR6 on 2020-10-28", "action_flag": 3, "change_message": ""}}, {"model": "admin.logentry", "pk": 243, "fields": {"action_time": "2020-10-28T18:14:35.720Z", "user": 1, "content_type": 9, "object_id": "216", "object_repr": "Slot 1 of MR6 on 2020-10-28", "action_flag": 3, "change_message": ""}}, {"model": "admin.logentry", "pk": 244, "fields": {"action_time": "2020-10-28T18:14:35.727Z", "user": 1, "content_type": 9, "object_id": "215", "object_repr": "Slot 5 of MR6 on 2020-10-28", "action_flag": 3, "change_message": ""}}, {"model": "admin.logentry", "pk": 245, "fields": {"action_time": "2020-10-28T18:14:35.734Z", "user": 1, "content_type": 9, "object_id": "214", "object_repr": "Slot 4 of MR6 on 2020-10-28", "action_flag": 3, "change_message": ""}}, {"model": "admin.logentry", "pk": 246, "fields": {"action_time": "2020-10-28T18:14:35.741Z", "user": 1, "content_type": 9, "object_id": "213", "object_repr": "Slot 3 of MR6 on 2020-10-28", "action_flag": 3, "change_message": ""}}, {"model": "admin.logentry", "pk": 247, "fields": {"action_time": "2020-10-28T18:14:35.748Z", "user": 1, "content_type": 9, "object_id": "212", "object_repr": "Slot 2 of MR6 on 2020-10-28", "action_flag": 3, "change_message": ""}}, {"model": "admin.logentry", "pk": 248, "fields": {"action_time": "2020-10-28T18:14:35.755Z", "user": 1, "content_type": 9, "object_id": "211", "object_repr": "Slot 1 of MR6 on 2020-10-28", "action_flag": 3, "change_message": ""}}, {"model": "admin.logentry", "pk": 249, "fields": {"action_time": "2020-10-28T18:14:35.762Z", "user": 1, "content_type": 9, "object_id": "210", "object_repr": "Slot 5 of MR5 on 2020-10-28", "action_flag": 3, "change_message": ""}}, {"model": "admin.logentry", "pk": 250, "fields": {"action_time": "2020-10-28T18:14:35.769Z", "user": 1, "content_type": 9, "object_id": "209", "object_repr": "Slot 4 of MR5 on 2020-10-28", "action_flag": 3, "change_message": ""}}, {"model": "admin.logentry", "pk": 251, "fields": {"action_time": "2020-10-28T18:14:35.781Z", "user": 1, "content_type": 9, "object_id": "208", "object_repr": "Slot 3 of MR5 on 2020-10-28", "action_flag": 3, "change_message": ""}}, {"model": "admin.logentry", "pk": 252, "fields": {"action_time": "2020-10-28T18:14:35.789Z", "user": 1, "content_type": 9, "object_id": "207", "object_repr": "Slot 2 of MR5 on 2020-10-28", "action_flag": 3, "change_message": ""}}, {"model": "admin.logentry", "pk": 253, "fields": {"action_time": "2020-10-28T18:14:35.796Z", "user": 1, "content_type": 9, "object_id": "206", "object_repr": "Slot 1 of MR5 on 2020-10-28", "action_flag": 3, "change_message": ""}}, {"model": "admin.logentry", "pk": 254, "fields": {"action_time": "2020-10-28T18:14:35.803Z", "user": 1, "content_type": 9, "object_id": "205", "object_repr": "Slot 5 of MR5 on 2020-10-28", "action_flag": 3, "change_message": ""}}, {"model": "admin.logentry", "pk": 255, "fields": {"action_time": "2020-10-28T18:14:35.810Z", "user": 1, "content_type": 9, "object_id": "204", "object_repr": "Slot 4 of MR5 on 2020-10-28", "action_flag": 3, "change_message": ""}}, {"model": "admin.logentry", "pk": 256, "fields": {"action_time": "2020-10-28T18:14:35.817Z", "user": 1, "content_type": 9, "object_id": "203", "object_repr": "Slot 3 of MR5 on 2020-10-28", "action_flag": 3, "change_message": ""}}, {"model": "admin.logentry", "pk": 257, "fields": {"action_time": "2020-10-28T18:14:35.824Z", "user": 1, "content_type": 9, "object_id": "202", "object_repr": "Slot 2 of MR5 on 2020-10-28", "action_flag": 3, "change_message": ""}}, {"model": "admin.logentry", "pk": 258, "fields": {"action_time": "2020-10-28T18:14:35.831Z", "user": 1, "content_type": 9, "object_id": "201", "object_repr": "Slot 1 of MR5 on 2020-10-28", "action_flag": 3, "change_message": ""}}, {"model": "admin.logentry", "pk": 259, "fields": {"action_time": "2020-10-28T18:14:35.837Z", "user": 1, "content_type": 9, "object_id": "200", "object_repr": "Slot 5 of MR5 on 2020-10-28", "action_flag": 3, "change_message": ""}}, {"model": "admin.logentry", "pk": 260, "fields": {"action_time": "2020-10-28T18:14:35.844Z", "user": 1, "content_type": 9, "object_id": "199", "object_repr": "Slot 4 of MR5 on 2020-10-28", "action_flag": 3, "change_message": ""}}, {"model": "admin.logentry", "pk": 261, "fields": {"action_time": "2020-10-28T18:14:35.876Z", "user": 1, "content_type": 9, "object_id": "198", "object_repr": "Slot 3 of MR5 on 2020-10-28", "action_flag": 3, "change_message": ""}}, {"model": "admin.logentry", "pk": 262, "fields": {"action_time": "2020-10-28T18:14:35.884Z", "user": 1, "content_type": 9, "object_id": "197", "object_repr": "Slot 2 of MR5 on 2020-10-28", "action_flag": 3, "change_message": ""}}, {"model": "admin.logentry", "pk": 263, "fields": {"action_time": "2020-10-28T18:14:35.892Z", "user": 1, "content_type": 9, "object_id": "196", "object_repr": "Slot 1 of MR5 on 2020-10-28", "action_flag": 3, "change_message": ""}}, {"model": "admin.logentry", "pk": 264, "fields": {"action_time": "2020-10-28T18:14:35.900Z", "user": 1, "content_type": 9, "object_id": "195", "object_repr": "Slot 5 of MR5 on 2020-10-28", "action_flag": 3, "change_message": ""}}, {"model": "admin.logentry", "pk": 265, "fields": {"action_time": "2020-10-28T18:14:35.908Z", "user": 1, "content_type": 9, "object_id": "194", "object_repr": "Slot 4 of MR5 on 2020-10-28", "action_flag": 3, "change_message": ""}}, {"model": "admin.logentry", "pk": 266, "fields": {"action_time": "2020-10-28T18:14:35.916Z", "user": 1, "content_type": 9, "object_id": "193", "object_repr": "Slot 3 of MR5 on 2020-10-28", "action_flag": 3, "change_message": ""}}, {"model": "admin.logentry", "pk": 267, "fields": {"action_time": "2020-10-28T18:14:35.925Z", "user": 1, "content_type": 9, "object_id": "192", "object_repr": "Slot 2 of MR5 on 2020-10-28", "action_flag": 3, "change_message": ""}}, {"model": "admin.logentry", "pk": 268, "fields": {"action_time": "2020-10-28T18:14:35.933Z", "user": 1, "content_type": 9, "object_id": "191", "object_repr": "Slot 1 of MR5 on 2020-10-28", "action_flag": 3, "change_message": ""}}, {"model": "admin.logentry", "pk": 269, "fields": {"action_time": "2020-10-28T18:14:35.941Z", "user": 1, "content_type": 9, "object_id": "190", "object_repr": "Slot 5 of MR5 on 2020-10-28", "action_flag": 3, "change_message": ""}}, {"model": "admin.logentry", "pk": 270, "fields": {"action_time": "2020-10-28T18:14:35.949Z", "user": 1, "content_type": 9, "object_id": "189", "object_repr": "Slot 4 of MR5 on 2020-10-28", "action_flag": 3, "change_message": ""}}, {"model": "admin.logentry", "pk": 271, "fields": {"action_time": "2020-10-28T18:14:35.956Z", "user": 1, "content_type": 9, "object_id": "188", "object_repr": "Slot 3 of MR5 on 2020-10-28", "action_flag": 3, "change_message": ""}}, {"model": "admin.logentry", "pk": 272, "fields": {"action_time": "2020-10-28T18:14:35.963Z", "user": 1, "content_type": 9, "object_id": "187", "object_repr": "Slot 2 of MR5 on 2020-10-28", "action_flag": 3, "change_message": ""}}, {"model": "admin.logentry", "pk": 273, "fields": {"action_time": "2020-10-28T18:14:35.970Z", "user": 1, "content_type": 9, "object_id": "186", "object_repr": "Slot 1 of MR5 on 2020-10-28", "action_flag": 3, "change_message": ""}}, {"model": "admin.logentry", "pk": 274, "fields": {"action_time": "2020-10-28T18:14:35.978Z", "user": 1, "content_type": 9, "object_id": "185", "object_repr": "Slot 5 of MR5 on 2020-10-28", "action_flag": 3, "change_message": ""}}, {"model": "admin.logentry", "pk": 275, "fields": {"action_time": "2020-10-28T18:14:35.985Z", "user": 1, "content_type": 9, "object_id": "184", "object_repr": "Slot 4 of MR5 on 2020-10-28", "action_flag": 3, "change_message": ""}}, {"model": "admin.logentry", "pk": 276, "fields": {"action_time": "2020-10-28T18:14:35.992Z", "user": 1, "content_type": 9, "object_id": "183", "object_repr": "Slot 3 of MR5 on 2020-10-28", "action_flag": 3, "change_message": ""}}, {"model": "admin.logentry", "pk": 277, "fields": {"action_time": "2020-10-28T18:14:36.000Z", "user": 1, "content_type": 9, "object_id": "182", "object_repr": "Slot 2 of MR5 on 2020-10-28", "action_flag": 3, "change_message": ""}}, {"model": "admin.logentry", "pk": 278, "fields": {"action_time": "2020-10-28T18:14:36.008Z", "user": 1, "content_type": 9, "object_id": "181", "object_repr": "Slot 1 of MR5 on 2020-10-28", "action_flag": 3, "change_message": ""}}, {"model": "admin.logentry", "pk": 279, "fields": {"action_time": "2020-10-28T18:14:36.016Z", "user": 1, "content_type": 9, "object_id": "180", "object_repr": "Slot 5 of MR5 on 2020-10-28", "action_flag": 3, "change_message": ""}}, {"model": "admin.logentry", "pk": 280, "fields": {"action_time": "2020-10-28T18:14:36.023Z", "user": 1, "content_type": 9, "object_id": "179", "object_repr": "Slot 4 of MR5 on 2020-10-28", "action_flag": 3, "change_message": ""}}, {"model": "admin.logentry", "pk": 281, "fields": {"action_time": "2020-10-28T18:14:36.030Z", "user": 1, "content_type": 9, "object_id": "178", "object_repr": "Slot 3 of MR5 on 2020-10-28", "action_flag": 3, "change_message": ""}}, {"model": "admin.logentry", "pk": 282, "fields": {"action_time": "2020-10-28T18:14:36.037Z", "user": 1, "content_type": 9, "object_id": "177", "object_repr": "Slot 2 of MR5 on 2020-10-28", "action_flag": 3, "change_message": ""}}, {"model": "admin.logentry", "pk": 283, "fields": {"action_time": "2020-10-28T18:14:36.045Z", "user": 1, "content_type": 9, "object_id": "176", "object_repr": "Slot 1 of MR5 on 2020-10-28", "action_flag": 3, "change_message": ""}}, {"model": "admin.logentry", "pk": 284, "fields": {"action_time": "2020-10-28T18:14:36.053Z", "user": 1, "content_type": 9, "object_id": "175", "object_repr": "Slot 5 of MR4 on 2020-10-28", "action_flag": 3, "change_message": ""}}, {"model": "admin.logentry", "pk": 285, "fields": {"action_time": "2020-10-28T18:14:36.061Z", "user": 1, "content_type": 9, "object_id": "174", "object_repr": "Slot 4 of MR4 on 2020-10-28", "action_flag": 3, "change_message": ""}}, {"model": "admin.logentry", "pk": 286, "fields": {"action_time": "2020-10-28T18:14:36.068Z", "user": 1, "content_type": 9, "object_id": "173", "object_repr": "Slot 3 of MR4 on 2020-10-28", "action_flag": 3, "change_message": ""}}, {"model": "admin.logentry", "pk": 287, "fields": {"action_time": "2020-10-28T18:14:36.075Z", "user": 1, "content_type": 9, "object_id": "172", "object_repr": "Slot 2 of MR4 on 2020-10-28", "action_flag": 3, "change_message": ""}}, {"model": "admin.logentry", "pk": 288, "fields": {"action_time": "2020-10-28T18:14:36.082Z", "user": 1, "content_type": 9, "object_id": "171", "object_repr": "Slot 1 of MR4 on 2020-10-28", "action_flag": 3, "change_message": ""}}, {"model": "admin.logentry", "pk": 289, "fields": {"action_time": "2020-10-28T18:14:36.089Z", "user": 1, "content_type": 9, "object_id": "170", "object_repr": "Slot 5 of MR4 on 2020-10-28", "action_flag": 3, "change_message": ""}}, {"model": "admin.logentry", "pk": 290, "fields": {"action_time": "2020-10-28T18:14:36.096Z", "user": 1, "content_type": 9, "object_id": "169", "object_repr": "Slot 4 of MR4 on 2020-10-28", "action_flag": 3, "change_message": ""}}, {"model": "admin.logentry", "pk": 291, "fields": {"action_time": "2020-10-28T18:14:36.103Z", "user": 1, "content_type": 9, "object_id": "168", "object_repr": "Slot 3 of MR4 on 2020-10-28", "action_flag": 3, "change_message": ""}}, {"model": "admin.logentry", "pk": 292, "fields": {"action_time": "2020-10-28T18:14:36.110Z", "user": 1, "content_type": 9, "object_id": "167", "object_repr": "Slot 2 of MR4 on 2020-10-28", "action_flag": 3, "change_message": ""}}, {"model": "admin.logentry", "pk": 293, "fields": {"action_time": "2020-10-28T18:14:36.117Z", "user": 1, "content_type": 9, "object_id": "166", "object_repr": "Slot 1 of MR4 on 2020-10-28", "action_flag": 3, "change_message": ""}}, {"model": "admin.logentry", "pk": 294, "fields": {"action_time": "2020-10-28T18:14:36.124Z", "user": 1, "content_type": 9, "object_id": "165", "object_repr": "Slot 5 of MR4 on 2020-10-28", "action_flag": 3, "change_message": ""}}, {"model": "admin.logentry", "pk": 295, "fields": {"action_time": "2020-10-28T18:14:36.131Z", "user": 1, "content_type": 9, "object_id": "164", "object_repr": "Slot 4 of MR4 on 2020-10-28", "action_flag": 3, "change_message": ""}}, {"model": "admin.logentry", "pk": 296, "fields": {"action_time": "2020-10-28T18:14:36.138Z", "user": 1, "content_type": 9, "object_id": "163", "object_repr": "Slot 3 of MR4 on 2020-10-28", "action_flag": 3, "change_message": ""}}, {"model": "admin.logentry", "pk": 297, "fields": {"action_time": "2020-10-28T18:14:36.145Z", "user": 1, "content_type": 9, "object_id": "162", "object_repr": "Slot 2 of MR4 on 2020-10-28", "action_flag": 3, "change_message": ""}}, {"model": "admin.logentry", "pk": 298, "fields": {"action_time": "2020-10-28T18:14:36.153Z", "user": 1, "content_type": 9, "object_id": "161", "object_repr": "Slot 1 of MR4 on 2020-10-28", "action_flag": 3, "change_message": ""}}, {"model": "admin.logentry", "pk": 299, "fields": {"action_time": "2020-10-28T18:14:36.160Z", "user": 1, "content_type": 9, "object_id": "160", "object_repr": "Slot 5 of MR4 on 2020-10-28", "action_flag": 3, "change_message": ""}}, {"model": "admin.logentry", "pk": 300, "fields": {"action_time": "2020-10-28T18:14:36.167Z", "user": 1, "content_type": 9, "object_id": "159", "object_repr": "Slot 4 of MR4 on 2020-10-28", "action_flag": 3, "change_message": ""}}, {"model": "admin.logentry", "pk": 301, "fields": {"action_time": "2020-10-28T18:14:36.174Z", "user": 1, "content_type": 9, "object_id": "158", "object_repr": "Slot 3 of MR4 on 2020-10-28", "action_flag": 3, "change_message": ""}}, {"model": "admin.logentry", "pk": 302, "fields": {"action_time": "2020-10-28T18:14:36.182Z", "user": 1, "content_type": 9, "object_id": "157", "object_repr": "Slot 2 of MR4 on 2020-10-28", "action_flag": 3, "change_message": ""}}, {"model": "admin.logentry", "pk": 303, "fields": {"action_time": "2020-10-28T18:14:36.188Z", "user": 1, "content_type": 9, "object_id": "156", "object_repr": "Slot 1 of MR4 on 2020-10-28", "action_flag": 3, "change_message": ""}}, {"model": "admin.logentry", "pk": 304, "fields": {"action_time": "2020-10-28T18:14:36.196Z", "user": 1, "content_type": 9, "object_id": "155", "object_repr": "Slot 5 of MR4 on 2020-10-28", "action_flag": 3, "change_message": ""}}, {"model": "admin.logentry", "pk": 305, "fields": {"action_time": "2020-10-28T18:14:36.203Z", "user": 1, "content_type": 9, "object_id": "154", "object_repr": "Slot 4 of MR4 on 2020-10-28", "action_flag": 3, "change_message": ""}}, {"model": "admin.logentry", "pk": 306, "fields": {"action_time": "2020-10-28T18:14:36.210Z", "user": 1, "content_type": 9, "object_id": "153", "object_repr": "Slot 3 of MR4 on 2020-10-28", "action_flag": 3, "change_message": ""}}, {"model": "admin.logentry", "pk": 307, "fields": {"action_time": "2020-10-28T18:14:36.217Z", "user": 1, "content_type": 9, "object_id": "152", "object_repr": "Slot 2 of MR4 on 2020-10-28", "action_flag": 3, "change_message": ""}}, {"model": "admin.logentry", "pk": 308, "fields": {"action_time": "2020-10-28T18:14:36.224Z", "user": 1, "content_type": 9, "object_id": "151", "object_repr": "Slot 1 of MR4 on 2020-10-28", "action_flag": 3, "change_message": ""}}, {"model": "admin.logentry", "pk": 309, "fields": {"action_time": "2020-10-28T18:14:36.231Z", "user": 1, "content_type": 9, "object_id": "150", "object_repr": "Slot 5 of MR4 on 2020-10-28", "action_flag": 3, "change_message": ""}}, {"model": "admin.logentry", "pk": 310, "fields": {"action_time": "2020-10-28T18:14:36.236Z", "user": 1, "content_type": 9, "object_id": "149", "object_repr": "Slot 4 of MR4 on 2020-10-28", "action_flag": 3, "change_message": ""}}, {"model": "admin.logentry", "pk": 311, "fields": {"action_time": "2020-10-28T18:14:36.244Z", "user": 1, "content_type": 9, "object_id": "148", "object_repr": "Slot 3 of MR4 on 2020-10-28", "action_flag": 3, "change_message": ""}}, {"model": "admin.logentry", "pk": 312, "fields": {"action_time": "2020-10-28T18:14:36.251Z", "user": 1, "content_type": 9, "object_id": "147", "object_repr": "Slot 2 of MR4 on 2020-10-28", "action_flag": 3, "change_message": ""}}, {"model": "admin.logentry", "pk": 313, "fields": {"action_time": "2020-10-28T18:14:36.260Z", "user": 1, "content_type": 9, "object_id": "146", "object_repr": "Slot 1 of MR4 on 2020-10-28", "action_flag": 3, "change_message": ""}}, {"model": "admin.logentry", "pk": 314, "fields": {"action_time": "2020-10-28T18:14:36.267Z", "user": 1, "content_type": 9, "object_id": "145", "object_repr": "Slot 5 of MR4 on 2020-10-28", "action_flag": 3, "change_message": ""}}, {"model": "admin.logentry", "pk": 315, "fields": {"action_time": "2020-10-28T18:14:36.274Z", "user": 1, "content_type": 9, "object_id": "144", "object_repr": "Slot 4 of MR4 on 2020-10-28", "action_flag": 3, "change_message": ""}}, {"model": "admin.logentry", "pk": 316, "fields": {"action_time": "2020-10-28T18:14:36.281Z", "user": 1, "content_type": 9, "object_id": "143", "object_repr": "Slot 3 of MR4 on 2020-10-28", "action_flag": 3, "change_message": ""}}, {"model": "admin.logentry", "pk": 317, "fields": {"action_time": "2020-10-28T18:14:36.288Z", "user": 1, "content_type": 9, "object_id": "142", "object_repr": "Slot 2 of MR4 on 2020-10-28", "action_flag": 3, "change_message": ""}}, {"model": "admin.logentry", "pk": 318, "fields": {"action_time": "2020-10-28T18:14:36.296Z", "user": 1, "content_type": 9, "object_id": "141", "object_repr": "Slot 1 of MR4 on 2020-10-28", "action_flag": 3, "change_message": ""}}, {"model": "admin.logentry", "pk": 319, "fields": {"action_time": "2020-10-28T18:14:36.304Z", "user": 1, "content_type": 9, "object_id": "140", "object_repr": "Slot 5 of MR3 on 2020-10-28", "action_flag": 3, "change_message": ""}}, {"model": "admin.logentry", "pk": 320, "fields": {"action_time": "2020-10-28T18:14:36.312Z", "user": 1, "content_type": 9, "object_id": "139", "object_repr": "Slot 4 of MR3 on 2020-10-28", "action_flag": 3, "change_message": ""}}, {"model": "admin.logentry", "pk": 321, "fields": {"action_time": "2020-10-28T18:14:36.319Z", "user": 1, "content_type": 9, "object_id": "138", "object_repr": "Slot 3 of MR3 on 2020-10-28", "action_flag": 3, "change_message": ""}}, {"model": "admin.logentry", "pk": 322, "fields": {"action_time": "2020-10-28T18:14:36.326Z", "user": 1, "content_type": 9, "object_id": "137", "object_repr": "Slot 2 of MR3 on 2020-10-28", "action_flag": 3, "change_message": ""}}, {"model": "admin.logentry", "pk": 323, "fields": {"action_time": "2020-10-28T18:14:36.335Z", "user": 1, "content_type": 9, "object_id": "136", "object_repr": "Slot 1 of MR3 on 2020-10-28", "action_flag": 3, "change_message": ""}}, {"model": "admin.logentry", "pk": 324, "fields": {"action_time": "2020-10-28T18:14:36.343Z", "user": 1, "content_type": 9, "object_id": "135", "object_repr": "Slot 5 of MR3 on 2020-10-28", "action_flag": 3, "change_message": ""}}, {"model": "admin.logentry", "pk": 325, "fields": {"action_time": "2020-10-28T18:14:36.352Z", "user": 1, "content_type": 9, "object_id": "134", "object_repr": "Slot 4 of MR3 on 2020-10-28", "action_flag": 3, "change_message": ""}}, {"model": "admin.logentry", "pk": 326, "fields": {"action_time": "2020-10-28T18:14:36.360Z", "user": 1, "content_type": 9, "object_id": "133", "object_repr": "Slot 3 of MR3 on 2020-10-28", "action_flag": 3, "change_message": ""}}, {"model": "admin.logentry", "pk": 327, "fields": {"action_time": "2020-10-28T18:14:36.367Z", "user": 1, "content_type": 9, "object_id": "132", "object_repr": "Slot 2 of MR3 on 2020-10-28", "action_flag": 3, "change_message": ""}}, {"model": "admin.logentry", "pk": 328, "fields": {"action_time": "2020-10-28T18:14:36.375Z", "user": 1, "content_type": 9, "object_id": "131", "object_repr": "Slot 1 of MR3 on 2020-10-28", "action_flag": 3, "change_message": ""}}, {"model": "admin.logentry", "pk": 329, "fields": {"action_time": "2020-10-28T18:14:36.382Z", "user": 1, "content_type": 9, "object_id": "130", "object_repr": "Slot 5 of MR3 on 2020-10-28", "action_flag": 3, "change_message": ""}}, {"model": "admin.logentry", "pk": 330, "fields": {"action_time": "2020-10-28T18:14:36.390Z", "user": 1, "content_type": 9, "object_id": "129", "object_repr": "Slot 4 of MR3 on 2020-10-28", "action_flag": 3, "change_message": ""}}, {"model": "admin.logentry", "pk": 331, "fields": {"action_time": "2020-10-28T18:14:36.397Z", "user": 1, "content_type": 9, "object_id": "128", "object_repr": "Slot 3 of MR3 on 2020-10-28", "action_flag": 3, "change_message": ""}}, {"model": "admin.logentry", "pk": 332, "fields": {"action_time": "2020-10-28T18:14:36.404Z", "user": 1, "content_type": 9, "object_id": "127", "object_repr": "Slot 2 of MR3 on 2020-10-28", "action_flag": 3, "change_message": ""}}, {"model": "admin.logentry", "pk": 333, "fields": {"action_time": "2020-10-28T18:14:36.413Z", "user": 1, "content_type": 9, "object_id": "126", "object_repr": "Slot 1 of MR3 on 2020-10-28", "action_flag": 3, "change_message": ""}}, {"model": "admin.logentry", "pk": 334, "fields": {"action_time": "2020-10-28T18:14:36.420Z", "user": 1, "content_type": 9, "object_id": "125", "object_repr": "Slot 5 of MR3 on 2020-10-28", "action_flag": 3, "change_message": ""}}, {"model": "admin.logentry", "pk": 335, "fields": {"action_time": "2020-10-28T18:14:36.431Z", "user": 1, "content_type": 9, "object_id": "124", "object_repr": "Slot 4 of MR3 on 2020-10-28", "action_flag": 3, "change_message": ""}}, {"model": "admin.logentry", "pk": 336, "fields": {"action_time": "2020-10-28T18:14:36.438Z", "user": 1, "content_type": 9, "object_id": "123", "object_repr": "Slot 3 of MR3 on 2020-10-28", "action_flag": 3, "change_message": ""}}, {"model": "admin.logentry", "pk": 337, "fields": {"action_time": "2020-10-28T18:14:36.447Z", "user": 1, "content_type": 9, "object_id": "122", "object_repr": "Slot 2 of MR3 on 2020-10-28", "action_flag": 3, "change_message": ""}}, {"model": "admin.logentry", "pk": 338, "fields": {"action_time": "2020-10-28T18:14:36.455Z", "user": 1, "content_type": 9, "object_id": "121", "object_repr": "Slot 1 of MR3 on 2020-10-28", "action_flag": 3, "change_message": ""}}, {"model": "admin.logentry", "pk": 339, "fields": {"action_time": "2020-10-28T18:14:36.462Z", "user": 1, "content_type": 9, "object_id": "120", "object_repr": "Slot 5 of MR3 on 2020-10-28", "action_flag": 3, "change_message": ""}}, {"model": "admin.logentry", "pk": 340, "fields": {"action_time": "2020-10-28T18:14:36.469Z", "user": 1, "content_type": 9, "object_id": "119", "object_repr": "Slot 4 of MR3 on 2020-10-28", "action_flag": 3, "change_message": ""}}, {"model": "admin.logentry", "pk": 341, "fields": {"action_time": "2020-10-28T18:14:36.482Z", "user": 1, "content_type": 9, "object_id": "118", "object_repr": "Slot 3 of MR3 on 2020-10-28", "action_flag": 3, "change_message": ""}}, {"model": "admin.logentry", "pk": 342, "fields": {"action_time": "2020-10-28T18:14:36.489Z", "user": 1, "content_type": 9, "object_id": "117", "object_repr": "Slot 2 of MR3 on 2020-10-28", "action_flag": 3, "change_message": ""}}, {"model": "admin.logentry", "pk": 343, "fields": {"action_time": "2020-10-28T18:14:36.496Z", "user": 1, "content_type": 9, "object_id": "116", "object_repr": "Slot 1 of MR3 on 2020-10-28", "action_flag": 3, "change_message": ""}}, {"model": "admin.logentry", "pk": 344, "fields": {"action_time": "2020-10-28T18:14:36.503Z", "user": 1, "content_type": 9, "object_id": "115", "object_repr": "Slot 5 of MR3 on 2020-10-28", "action_flag": 3, "change_message": ""}}, {"model": "admin.logentry", "pk": 345, "fields": {"action_time": "2020-10-28T18:14:36.515Z", "user": 1, "content_type": 9, "object_id": "114", "object_repr": "Slot 4 of MR3 on 2020-10-28", "action_flag": 3, "change_message": ""}}, {"model": "admin.logentry", "pk": 346, "fields": {"action_time": "2020-10-28T18:14:36.523Z", "user": 1, "content_type": 9, "object_id": "113", "object_repr": "Slot 3 of MR3 on 2020-10-28", "action_flag": 3, "change_message": ""}}, {"model": "admin.logentry", "pk": 347, "fields": {"action_time": "2020-10-28T18:14:36.534Z", "user": 1, "content_type": 9, "object_id": "112", "object_repr": "Slot 2 of MR3 on 2020-10-28", "action_flag": 3, "change_message": ""}}, {"model": "admin.logentry", "pk": 348, "fields": {"action_time": "2020-10-28T18:14:36.542Z", "user": 1, "content_type": 9, "object_id": "111", "object_repr": "Slot 1 of MR3 on 2020-10-28", "action_flag": 3, "change_message": ""}}, {"model": "admin.logentry", "pk": 349, "fields": {"action_time": "2020-10-28T18:14:36.551Z", "user": 1, "content_type": 9, "object_id": "110", "object_repr": "Slot 5 of MR3 on 2020-10-28", "action_flag": 3, "change_message": ""}}, {"model": "admin.logentry", "pk": 350, "fields": {"action_time": "2020-10-28T18:14:36.559Z", "user": 1, "content_type": 9, "object_id": "109", "object_repr": "Slot 4 of MR3 on 2020-10-28", "action_flag": 3, "change_message": ""}}, {"model": "admin.logentry", "pk": 351, "fields": {"action_time": "2020-10-28T18:14:36.567Z", "user": 1, "content_type": 9, "object_id": "108", "object_repr": "Slot 3 of MR3 on 2020-10-28", "action_flag": 3, "change_message": ""}}, {"model": "admin.logentry", "pk": 352, "fields": {"action_time": "2020-10-28T18:14:36.576Z", "user": 1, "content_type": 9, "object_id": "107", "object_repr": "Slot 2 of MR3 on 2020-10-28", "action_flag": 3, "change_message": ""}}, {"model": "admin.logentry", "pk": 353, "fields": {"action_time": "2020-10-28T18:14:36.584Z", "user": 1, "content_type": 9, "object_id": "106", "object_repr": "Slot 1 of MR3 on 2020-10-28", "action_flag": 3, "change_message": ""}}, {"model": "admin.logentry", "pk": 354, "fields": {"action_time": "2020-10-28T18:14:36.592Z", "user": 1, "content_type": 9, "object_id": "105", "object_repr": "Slot 5 of MR2 on 2020-10-28", "action_flag": 3, "change_message": ""}}, {"model": "admin.logentry", "pk": 355, "fields": {"action_time": "2020-10-28T18:14:36.599Z", "user": 1, "content_type": 9, "object_id": "104", "object_repr": "Slot 4 of MR2 on 2020-10-28", "action_flag": 3, "change_message": ""}}, {"model": "admin.logentry", "pk": 356, "fields": {"action_time": "2020-10-28T18:14:36.621Z", "user": 1, "content_type": 9, "object_id": "103", "object_repr": "Slot 3 of MR2 on 2020-10-28", "action_flag": 3, "change_message": ""}}, {"model": "admin.logentry", "pk": 357, "fields": {"action_time": "2020-10-28T18:14:36.629Z", "user": 1, "content_type": 9, "object_id": "102", "object_repr": "Slot 2 of MR2 on 2020-10-28", "action_flag": 3, "change_message": ""}}, {"model": "admin.logentry", "pk": 358, "fields": {"action_time": "2020-10-28T18:14:36.636Z", "user": 1, "content_type": 9, "object_id": "101", "object_repr": "Slot 1 of MR2 on 2020-10-28", "action_flag": 3, "change_message": ""}}, {"model": "admin.logentry", "pk": 359, "fields": {"action_time": "2020-10-28T18:14:36.642Z", "user": 1, "content_type": 9, "object_id": "100", "object_repr": "Slot 5 of MR2 on 2020-10-28", "action_flag": 3, "change_message": ""}}, {"model": "admin.logentry", "pk": 360, "fields": {"action_time": "2020-10-28T18:14:36.649Z", "user": 1, "content_type": 9, "object_id": "99", "object_repr": "Slot 4 of MR2 on 2020-10-28", "action_flag": 3, "change_message": ""}}, {"model": "admin.logentry", "pk": 361, "fields": {"action_time": "2020-10-28T18:14:36.655Z", "user": 1, "content_type": 9, "object_id": "98", "object_repr": "Slot 3 of MR2 on 2020-10-28", "action_flag": 3, "change_message": ""}}, {"model": "admin.logentry", "pk": 362, "fields": {"action_time": "2020-10-28T18:14:36.663Z", "user": 1, "content_type": 9, "object_id": "97", "object_repr": "Slot 2 of MR2 on 2020-10-28", "action_flag": 3, "change_message": ""}}, {"model": "admin.logentry", "pk": 363, "fields": {"action_time": "2020-10-28T18:14:36.669Z", "user": 1, "content_type": 9, "object_id": "96", "object_repr": "Slot 1 of MR2 on 2020-10-28", "action_flag": 3, "change_message": ""}}, {"model": "admin.logentry", "pk": 364, "fields": {"action_time": "2020-10-28T18:14:36.676Z", "user": 1, "content_type": 9, "object_id": "95", "object_repr": "Slot 5 of MR2 on 2020-10-28", "action_flag": 3, "change_message": ""}}, {"model": "admin.logentry", "pk": 365, "fields": {"action_time": "2020-10-28T18:14:36.683Z", "user": 1, "content_type": 9, "object_id": "94", "object_repr": "Slot 4 of MR2 on 2020-10-28", "action_flag": 3, "change_message": ""}}, {"model": "admin.logentry", "pk": 366, "fields": {"action_time": "2020-10-28T18:14:36.691Z", "user": 1, "content_type": 9, "object_id": "93", "object_repr": "Slot 3 of MR2 on 2020-10-28", "action_flag": 3, "change_message": ""}}, {"model": "admin.logentry", "pk": 367, "fields": {"action_time": "2020-10-28T18:14:36.698Z", "user": 1, "content_type": 9, "object_id": "92", "object_repr": "Slot 2 of MR2 on 2020-10-28", "action_flag": 3, "change_message": ""}}, {"model": "admin.logentry", "pk": 368, "fields": {"action_time": "2020-10-28T18:14:36.704Z", "user": 1, "content_type": 9, "object_id": "91", "object_repr": "Slot 1 of MR2 on 2020-10-28", "action_flag": 3, "change_message": ""}}, {"model": "admin.logentry", "pk": 369, "fields": {"action_time": "2020-10-28T18:14:36.712Z", "user": 1, "content_type": 9, "object_id": "90", "object_repr": "Slot 5 of MR2 on 2020-10-28", "action_flag": 3, "change_message": ""}}, {"model": "admin.logentry", "pk": 370, "fields": {"action_time": "2020-10-28T18:14:36.721Z", "user": 1, "content_type": 9, "object_id": "89", "object_repr": "Slot 4 of MR2 on 2020-10-28", "action_flag": 3, "change_message": ""}}, {"model": "admin.logentry", "pk": 371, "fields": {"action_time": "2020-10-28T18:14:36.728Z", "user": 1, "content_type": 9, "object_id": "88", "object_repr": "Slot 3 of MR2 on 2020-10-28", "action_flag": 3, "change_message": ""}}, {"model": "admin.logentry", "pk": 372, "fields": {"action_time": "2020-10-28T18:14:36.735Z", "user": 1, "content_type": 9, "object_id": "87", "object_repr": "Slot 2 of MR2 on 2020-10-28", "action_flag": 3, "change_message": ""}}, {"model": "admin.logentry", "pk": 373, "fields": {"action_time": "2020-10-28T18:14:36.742Z", "user": 1, "content_type": 9, "object_id": "86", "object_repr": "Slot 1 of MR2 on 2020-10-28", "action_flag": 3, "change_message": ""}}, {"model": "admin.logentry", "pk": 374, "fields": {"action_time": "2020-10-28T18:14:36.750Z", "user": 1, "content_type": 9, "object_id": "85", "object_repr": "Slot 5 of MR2 on 2020-10-28", "action_flag": 3, "change_message": ""}}, {"model": "admin.logentry", "pk": 375, "fields": {"action_time": "2020-10-28T18:14:36.758Z", "user": 1, "content_type": 9, "object_id": "84", "object_repr": "Slot 4 of MR2 on 2020-10-28", "action_flag": 3, "change_message": ""}}, {"model": "admin.logentry", "pk": 376, "fields": {"action_time": "2020-10-28T18:14:36.765Z", "user": 1, "content_type": 9, "object_id": "83", "object_repr": "Slot 3 of MR2 on 2020-10-28", "action_flag": 3, "change_message": ""}}, {"model": "admin.logentry", "pk": 377, "fields": {"action_time": "2020-10-28T18:14:36.773Z", "user": 1, "content_type": 9, "object_id": "82", "object_repr": "Slot 2 of MR2 on 2020-10-28", "action_flag": 3, "change_message": ""}}, {"model": "admin.logentry", "pk": 378, "fields": {"action_time": "2020-10-28T18:14:36.779Z", "user": 1, "content_type": 9, "object_id": "81", "object_repr": "Slot 1 of MR2 on 2020-10-28", "action_flag": 3, "change_message": ""}}, {"model": "admin.logentry", "pk": 379, "fields": {"action_time": "2020-10-28T18:14:36.786Z", "user": 1, "content_type": 9, "object_id": "80", "object_repr": "Slot 5 of MR2 on 2020-10-28", "action_flag": 3, "change_message": ""}}, {"model": "admin.logentry", "pk": 380, "fields": {"action_time": "2020-10-28T18:14:36.793Z", "user": 1, "content_type": 9, "object_id": "79", "object_repr": "Slot 4 of MR2 on 2020-10-28", "action_flag": 3, "change_message": ""}}, {"model": "admin.logentry", "pk": 381, "fields": {"action_time": "2020-10-28T18:14:36.800Z", "user": 1, "content_type": 9, "object_id": "78", "object_repr": "Slot 3 of MR2 on 2020-10-28", "action_flag": 3, "change_message": ""}}, {"model": "admin.logentry", "pk": 382, "fields": {"action_time": "2020-10-28T18:14:36.807Z", "user": 1, "content_type": 9, "object_id": "77", "object_repr": "Slot 2 of MR2 on 2020-10-28", "action_flag": 3, "change_message": ""}}, {"model": "admin.logentry", "pk": 383, "fields": {"action_time": "2020-10-28T18:14:36.815Z", "user": 1, "content_type": 9, "object_id": "76", "object_repr": "Slot 1 of MR2 on 2020-10-28", "action_flag": 3, "change_message": ""}}, {"model": "admin.logentry", "pk": 384, "fields": {"action_time": "2020-10-28T18:14:36.825Z", "user": 1, "content_type": 9, "object_id": "75", "object_repr": "Slot 5 of MR2 on 2020-10-28", "action_flag": 3, "change_message": ""}}, {"model": "admin.logentry", "pk": 385, "fields": {"action_time": "2020-10-28T18:14:36.834Z", "user": 1, "content_type": 9, "object_id": "74", "object_repr": "Slot 4 of MR2 on 2020-10-28", "action_flag": 3, "change_message": ""}}, {"model": "admin.logentry", "pk": 386, "fields": {"action_time": "2020-10-28T18:14:36.842Z", "user": 1, "content_type": 9, "object_id": "73", "object_repr": "Slot 3 of MR2 on 2020-10-28", "action_flag": 3, "change_message": ""}}, {"model": "admin.logentry", "pk": 387, "fields": {"action_time": "2020-10-28T18:14:36.850Z", "user": 1, "content_type": 9, "object_id": "72", "object_repr": "Slot 2 of MR2 on 2020-10-28", "action_flag": 3, "change_message": ""}}, {"model": "admin.logentry", "pk": 388, "fields": {"action_time": "2020-10-28T18:14:36.859Z", "user": 1, "content_type": 9, "object_id": "71", "object_repr": "Slot 1 of MR2 on 2020-10-28", "action_flag": 3, "change_message": ""}}, {"model": "admin.logentry", "pk": 389, "fields": {"action_time": "2020-10-28T18:14:36.867Z", "user": 1, "content_type": 9, "object_id": "70", "object_repr": "Slot 5 of MR1 on 2020-10-28", "action_flag": 3, "change_message": ""}}, {"model": "admin.logentry", "pk": 390, "fields": {"action_time": "2020-10-28T18:14:36.875Z", "user": 1, "content_type": 9, "object_id": "69", "object_repr": "Slot 4 of MR1 on 2020-10-28", "action_flag": 3, "change_message": ""}}, {"model": "admin.logentry", "pk": 391, "fields": {"action_time": "2020-10-28T18:14:36.881Z", "user": 1, "content_type": 9, "object_id": "68", "object_repr": "Slot 3 of MR1 on 2020-10-28", "action_flag": 3, "change_message": ""}}, {"model": "admin.logentry", "pk": 392, "fields": {"action_time": "2020-10-28T18:14:36.889Z", "user": 1, "content_type": 9, "object_id": "67", "object_repr": "Slot 2 of MR1 on 2020-10-28", "action_flag": 3, "change_message": ""}}, {"model": "admin.logentry", "pk": 393, "fields": {"action_time": "2020-10-28T18:14:36.897Z", "user": 1, "content_type": 9, "object_id": "66", "object_repr": "Slot 1 of MR1 on 2020-10-28", "action_flag": 3, "change_message": ""}}, {"model": "admin.logentry", "pk": 394, "fields": {"action_time": "2020-10-28T18:14:36.904Z", "user": 1, "content_type": 9, "object_id": "65", "object_repr": "Slot 5 of MR1 on 2020-10-28", "action_flag": 3, "change_message": ""}}, {"model": "admin.logentry", "pk": 395, "fields": {"action_time": "2020-10-28T18:14:36.911Z", "user": 1, "content_type": 9, "object_id": "64", "object_repr": "Slot 4 of MR1 on 2020-10-28", "action_flag": 3, "change_message": ""}}, {"model": "admin.logentry", "pk": 396, "fields": {"action_time": "2020-10-28T18:14:36.918Z", "user": 1, "content_type": 9, "object_id": "63", "object_repr": "Slot 3 of MR1 on 2020-10-28", "action_flag": 3, "change_message": ""}}, {"model": "admin.logentry", "pk": 397, "fields": {"action_time": "2020-10-28T18:14:36.925Z", "user": 1, "content_type": 9, "object_id": "62", "object_repr": "Slot 2 of MR1 on 2020-10-28", "action_flag": 3, "change_message": ""}}, {"model": "admin.logentry", "pk": 398, "fields": {"action_time": "2020-10-28T18:14:36.931Z", "user": 1, "content_type": 9, "object_id": "61", "object_repr": "Slot 1 of MR1 on 2020-10-28", "action_flag": 3, "change_message": ""}}, {"model": "admin.logentry", "pk": 399, "fields": {"action_time": "2020-10-28T18:14:36.938Z", "user": 1, "content_type": 9, "object_id": "60", "object_repr": "Slot 5 of MR1 on 2020-10-28", "action_flag": 3, "change_message": ""}}, {"model": "admin.logentry", "pk": 400, "fields": {"action_time": "2020-10-28T18:14:36.946Z", "user": 1, "content_type": 9, "object_id": "59", "object_repr": "Slot 4 of MR1 on 2020-10-28", "action_flag": 3, "change_message": ""}}, {"model": "admin.logentry", "pk": 401, "fields": {"action_time": "2020-10-28T18:14:36.953Z", "user": 1, "content_type": 9, "object_id": "58", "object_repr": "Slot 3 of MR1 on 2020-10-28", "action_flag": 3, "change_message": ""}}, {"model": "admin.logentry", "pk": 402, "fields": {"action_time": "2020-10-28T18:14:36.959Z", "user": 1, "content_type": 9, "object_id": "57", "object_repr": "Slot 2 of MR1 on 2020-10-28", "action_flag": 3, "change_message": ""}}, {"model": "admin.logentry", "pk": 403, "fields": {"action_time": "2020-10-28T18:14:36.966Z", "user": 1, "content_type": 9, "object_id": "56", "object_repr": "Slot 1 of MR1 on 2020-10-28", "action_flag": 3, "change_message": ""}}, {"model": "admin.logentry", "pk": 404, "fields": {"action_time": "2020-10-28T18:14:36.974Z", "user": 1, "content_type": 9, "object_id": "55", "object_repr": "Slot 5 of MR1 on 2020-10-28", "action_flag": 3, "change_message": ""}}, {"model": "admin.logentry", "pk": 405, "fields": {"action_time": "2020-10-28T18:14:36.980Z", "user": 1, "content_type": 9, "object_id": "54", "object_repr": "Slot 4 of MR1 on 2020-10-28", "action_flag": 3, "change_message": ""}}, {"model": "admin.logentry", "pk": 406, "fields": {"action_time": "2020-10-28T18:14:36.987Z", "user": 1, "content_type": 9, "object_id": "53", "object_repr": "Slot 3 of MR1 on 2020-10-28", "action_flag": 3, "change_message": ""}}, {"model": "admin.logentry", "pk": 407, "fields": {"action_time": "2020-10-28T18:14:36.994Z", "user": 1, "content_type": 9, "object_id": "52", "object_repr": "Slot 2 of MR1 on 2020-10-28", "action_flag": 3, "change_message": ""}}, {"model": "admin.logentry", "pk": 408, "fields": {"action_time": "2020-10-28T18:14:37.001Z", "user": 1, "content_type": 9, "object_id": "51", "object_repr": "Slot 1 of MR1 on 2020-10-28", "action_flag": 3, "change_message": ""}}, {"model": "admin.logentry", "pk": 409, "fields": {"action_time": "2020-10-28T18:14:37.009Z", "user": 1, "content_type": 9, "object_id": "50", "object_repr": "Slot 5 of MR1 on 2020-10-28", "action_flag": 3, "change_message": ""}}, {"model": "admin.logentry", "pk": 410, "fields": {"action_time": "2020-10-28T18:14:37.016Z", "user": 1, "content_type": 9, "object_id": "49", "object_repr": "Slot 4 of MR1 on 2020-10-28", "action_flag": 3, "change_message": ""}}, {"model": "admin.logentry", "pk": 411, "fields": {"action_time": "2020-10-28T18:14:37.023Z", "user": 1, "content_type": 9, "object_id": "48", "object_repr": "Slot 3 of MR1 on 2020-10-28", "action_flag": 3, "change_message": ""}}, {"model": "admin.logentry", "pk": 412, "fields": {"action_time": "2020-10-28T18:14:37.030Z", "user": 1, "content_type": 9, "object_id": "47", "object_repr": "Slot 2 of MR1 on 2020-10-28", "action_flag": 3, "change_message": ""}}, {"model": "admin.logentry", "pk": 413, "fields": {"action_time": "2020-10-28T18:14:37.036Z", "user": 1, "content_type": 9, "object_id": "46", "object_repr": "Slot 1 of MR1 on 2020-10-28", "action_flag": 3, "change_message": ""}}, {"model": "admin.logentry", "pk": 414, "fields": {"action_time": "2020-10-28T18:14:37.043Z", "user": 1, "content_type": 9, "object_id": "45", "object_repr": "Slot 5 of MR1 on 2020-10-28", "action_flag": 3, "change_message": ""}}, {"model": "admin.logentry", "pk": 415, "fields": {"action_time": "2020-10-28T18:14:37.051Z", "user": 1, "content_type": 9, "object_id": "44", "object_repr": "Slot 4 of MR1 on 2020-10-28", "action_flag": 3, "change_message": ""}}, {"model": "admin.logentry", "pk": 416, "fields": {"action_time": "2020-10-28T18:14:37.058Z", "user": 1, "content_type": 9, "object_id": "43", "object_repr": "Slot 3 of MR1 on 2020-10-28", "action_flag": 3, "change_message": ""}}, {"model": "admin.logentry", "pk": 417, "fields": {"action_time": "2020-10-28T18:14:37.066Z", "user": 1, "content_type": 9, "object_id": "42", "object_repr": "Slot 2 of MR1 on 2020-10-28", "action_flag": 3, "change_message": ""}}, {"model": "admin.logentry", "pk": 418, "fields": {"action_time": "2020-10-28T18:14:37.074Z", "user": 1, "content_type": 9, "object_id": "41", "object_repr": "Slot 1 of MR1 on 2020-10-28", "action_flag": 3, "change_message": ""}}, {"model": "admin.logentry", "pk": 419, "fields": {"action_time": "2020-10-28T18:14:37.081Z", "user": 1, "content_type": 9, "object_id": "40", "object_repr": "Slot 5 of MR1 on 2020-10-28", "action_flag": 3, "change_message": ""}}, {"model": "admin.logentry", "pk": 420, "fields": {"action_time": "2020-10-28T18:14:37.089Z", "user": 1, "content_type": 9, "object_id": "39", "object_repr": "Slot 4 of MR1 on 2020-10-28", "action_flag": 3, "change_message": ""}}, {"model": "admin.logentry", "pk": 421, "fields": {"action_time": "2020-10-28T18:14:37.098Z", "user": 1, "content_type": 9, "object_id": "38", "object_repr": "Slot 3 of MR1 on 2020-10-28", "action_flag": 3, "change_message": ""}}, {"model": "admin.logentry", "pk": 422, "fields": {"action_time": "2020-10-28T18:14:37.106Z", "user": 1, "content_type": 9, "object_id": "37", "object_repr": "Slot 2 of MR1 on 2020-10-28", "action_flag": 3, "change_message": ""}}, {"model": "admin.logentry", "pk": 423, "fields": {"action_time": "2020-10-28T18:14:37.115Z", "user": 1, "content_type": 9, "object_id": "36", "object_repr": "Slot 1 of MR1 on 2020-10-28", "action_flag": 3, "change_message": ""}}, {"model": "admin.logentry", "pk": 424, "fields": {"action_time": "2020-10-28T18:16:17.038Z", "user": 1, "content_type": 8, "object_id": "29", "object_repr": "MR7", "action_flag": 3, "change_message": ""}}, {"model": "admin.logentry", "pk": 425, "fields": {"action_time": "2020-10-28T18:16:17.047Z", "user": 1, "content_type": 8, "object_id": "28", "object_repr": "MR6", "action_flag": 3, "change_message": ""}}, {"model": "admin.logentry", "pk": 426, "fields": {"action_time": "2020-10-28T18:16:17.055Z", "user": 1, "content_type": 8, "object_id": "27", "object_repr": "MR5", "action_flag": 3, "change_message": ""}}, {"model": "admin.logentry", "pk": 427, "fields": {"action_time": "2020-10-28T18:16:17.064Z", "user": 1, "content_type": 8, "object_id": "26", "object_repr": "MR4", "action_flag": 3, "change_message": ""}}, {"model": "admin.logentry", "pk": 428, "fields": {"action_time": "2020-10-28T18:16:17.074Z", "user": 1, "content_type": 8, "object_id": "25", "object_repr": "MR3", "action_flag": 3, "change_message": ""}}, {"model": "admin.logentry", "pk": 429, "fields": {"action_time": "2020-10-28T18:16:17.082Z", "user": 1, "content_type": 8, "object_id": "24", "object_repr": "MR2", "action_flag": 3, "change_message": ""}}, {"model": "admin.logentry", "pk": 430, "fields": {"action_time": "2020-10-28T18:16:17.089Z", "user": 1, "content_type": 8, "object_id": "23", "object_repr": "MR1", "action_flag": 3, "change_message": ""}}, {"model": "admin.logentry", "pk": 431, "fields": {"action_time": "2020-10-28T18:16:17.098Z", "user": 1, "content_type": 8, "object_id": "22", "object_repr": "MR7", "action_flag": 3, "change_message": ""}}, {"model": "admin.logentry", "pk": 432, "fields": {"action_time": "2020-10-28T18:16:17.107Z", "user": 1, "content_type": 8, "object_id": "21", "object_repr": "MR6", "action_flag": 3, "change_message": ""}}, {"model": "admin.logentry", "pk": 433, "fields": {"action_time": "2020-10-28T18:16:17.115Z", "user": 1, "content_type": 8, "object_id": "20", "object_repr": "MR5", "action_flag": 3, "change_message": ""}}, {"model": "admin.logentry", "pk": 434, "fields": {"action_time": "2020-10-28T18:16:17.123Z", "user": 1, "content_type": 8, "object_id": "19", "object_repr": "MR4", "action_flag": 3, "change_message": ""}}, {"model": "admin.logentry", "pk": 435, "fields": {"action_time": "2020-10-28T18:16:17.130Z", "user": 1, "content_type": 8, "object_id": "18", "object_repr": "MR3", "action_flag": 3, "change_message": ""}}, {"model": "admin.logentry", "pk": 436, "fields": {"action_time": "2020-10-28T18:16:17.138Z", "user": 1, "content_type": 8, "object_id": "17", "object_repr": "MR2", "action_flag": 3, "change_message": ""}}, {"model": "admin.logentry", "pk": 437, "fields": {"action_time": "2020-10-28T18:16:17.146Z", "user": 1, "content_type": 8, "object_id": "16", "object_repr": "MR1", "action_flag": 3, "change_message": ""}}, {"model": "admin.logentry", "pk": 438, "fields": {"action_time": "2020-10-28T18:16:26.321Z", "user": 1, "content_type": 7, "object_id": "1", "object_repr": "2020-10-28", "action_flag": 3, "change_message": ""}}, {"model": "admin.logentry", "pk": 439, "fields": {"action_time": "2020-10-28T18:38:23.470Z", "user": 1, "content_type": 7, "object_id": "1", "object_repr": "2020-10-28", "action_flag": 3, "change_message": ""}}, {"model": "admin.logentry", "pk": 440, "fields": {"action_time": "2020-10-28T18:41:09.117Z", "user": 1, "content_type": 7, "object_id": "2", "object_repr": "2020-10-28", "action_flag": 3, "change_message": ""}}, {"model": "admin.logentry", "pk": 441, "fields": {"action_time": "2020-10-28T18:42:51.761Z", "user": 1, "content_type": 7, "object_id": "3", "object_repr": "2020-10-28", "action_flag": 3, "change_message": ""}}, {"model": "admin.logentry", "pk": 442, "fields": {"action_time": "2020-10-29T18:19:05.378Z", "user": 1, "content_type": 9, "object_id": "1051", "object_repr": "Slot 1 of MR1 on 2020-10-29", "action_flag": 2, "change_message": "[{\"changed\": {\"fields\": [\"Status\", \"User\"]}}]"}}, {"model": "admin.logentry", "pk": 443, "fields": {"action_time": "2020-10-29T18:20:16.071Z", "user": 1, "content_type": 9, "object_id": "1122", "object_repr": "Slot 2 of MR1 on 2020-10-30", "action_flag": 2, "change_message": "[{\"changed\": {\"fields\": [\"Status\", \"User\"]}}]"}}, {"model": "admin.logentry", "pk": 444, "fields": {"action_time": "2020-10-29T18:21:55.890Z", "user": 1, "content_type": 9, "object_id": "1052", "object_repr": "Slot 2 of MR1 on 2020-10-29", "action_flag": 2, "change_message": "[{\"changed\": {\"fields\": [\"Status\", \"User\"]}}]"}}, {"model": "admin.logentry", "pk": 448, "fields": {"action_time": "2020-11-01T12:35:49.075Z", "user": 1, "content_type": 4, "object_id": "2", "object_repr": "2022dashevskij.dy", "action_flag": 2, "change_message": "[{\"changed\": {\"fields\": [\"password\"]}}]"}}, {"model": "admin.logentry", "pk": 449, "fields": {"action_time": "2020-11-03T19:46:26.178Z", "user": 1, "content_type": 4, "object_id": "4", "object_repr": "Mt_Hed", "action_flag": 2, "change_message": "[{\"changed\": {\"fields\": [\"password\"]}}]"}}, {"model": "admin.logentry", "pk": 450, "fields": {"action_time": "2020-11-04T08:14:44.465Z", "user": 1, "content_type": 4, "object_id": "4", "object_repr": "Mt_Hed", "action_flag": 2, "change_message": "[{\"changed\": {\"fields\": [\"password\"]}}]"}}, {"model": "admin.logentry", "pk": 451, "fields": {"action_time": "2020-11-04T08:48:43.398Z", "user": 1, "content_type": 9, "object_id": "1273", "object_repr": "Slot 3 of MR3 on 2020-11-04", "action_flag": 2, "change_message": "[{\"changed\": {\"fields\": [\"Status\"]}}]"}}, {"model": "admin.logentry", "pk": 452, "fields": {"action_time": "2020-11-06T06:40:12.341Z", "user": 1, "content_type": 7, "object_id": "13", "object_repr": "2020-11-06", "action_flag": 3, "change_message": ""}}, {"model": "admin.logentry", "pk": 453, "fields": {"action_time": "2020-11-06T06:44:23.363Z", "user": 1, "content_type": 7, "object_id": "14", "object_repr": "2020-11-06", "action_flag": 3, "change_message": ""}}, {"model": "admin.logentry", "pk": 454, "fields": {"action_time": "2020-11-06T06:56:35.005Z", "user": 1, "content_type": 3, "object_id": "2", "object_repr": "ysacmf", "action_flag": 1, "change_message": "[{\"added\": {}}]"}}, {"model": "admin.logentry", "pk": 455, "fields": {"action_time": "2020-11-06T06:58:04.280Z", "user": 1, "content_type": 4, "object_id": "5", "object_repr": "Mertens", "action_flag": 1, "change_message": "[{\"added\": {}}]"}}, {"model": "admin.logentry", "pk": 456, "fields": {"action_time": "2020-11-06T06:58:24.953Z", "user": 1, "content_type": 4, "object_id": "5", "object_repr": "Mertens", "action_flag": 2, "change_message": "[{\"changed\": {\"fields\": [\"Groups\"]}}]"}}, {"model": "admin.logentry", "pk": 457, "fields": {"action_time": "2020-11-06T07:00:22.136Z", "user": 1, "content_type": 4, "object_id": "3", "object_repr": "David", "action_flag": 3, "change_message": ""}}, {"model": "admin.logentry", "pk": 458, "fields": {"action_time": "2020-11-17T07:13:55.663Z", "user": 1, "content_type": 4, "object_id": "6", "object_repr": "2022lapushkin.vi", "action_flag": 3, "change_message": ""}}, {"model": "admin.logentry", "pk": 459, "fields": {"action_time": "2020-11-17T07:14:03.070Z", "user": 1, "content_type": 4, "object_id": "2", "object_repr": "2022dashevskij.dy", "action_flag": 3, "change_message": ""}}, {"model": "admin.logentry", "pk": 460, "fields": {"action_time": "2020-11-17T07:14:08.614Z", "user": 1, "content_type": 4, "object_id": "4", "object_repr": "Mt_Hed", "action_flag": 3, "change_message": ""}}, {"model": "admin.logentry", "pk": 461, "fields": {"action_time": "2020-11-17T07:14:15.908Z", "user": 1, "content_type": 4, "object_id": "7", "object_repr": "abcde", "action_flag": 3, "change_message": ""}}, {"model": "admin.logentry", "pk": 462, "fields": {"action_time": "2020-11-17T11:01:08.767Z", "user": 1, "content_type": 10, "object_id": "1", "object_repr": "Code object (1)", "action_flag": 1, "change_message": "[{\"added\": {}}]"}}, {"model": "admin.logentry", "pk": 463, "fields": {"action_time": "2020-11-17T11:41:34.716Z", "user": 1, "content_type": 4, "object_id": "8", "object_repr": "2022dashevskij.dy", "action_flag": 3, "change_message": ""}}, {"model": "admin.logentry", "pk": 464, "fields": {"action_time": "2020-11-17T12:07:38.941Z", "user": 1, "content_type": 7, "object_id": "68", "object_repr": "2021-01-01", "action_flag": 3, "change_message": ""}}, {"model": "admin.logentry", "pk": 465, "fields": {"action_time": "2020-11-17T12:07:38.949Z", "user": 1, "content_type": 7, "object_id": "67", "object_repr": "2020-12-31", "action_flag": 3, "change_message": ""}}, {"model": "admin.logentry", "pk": 466, "fields": {"action_time": "2020-11-17T12:07:38.957Z", "user": 1, "content_type": 7, "object_id": "66", "object_repr": "2020-12-30", "action_flag": 3, "change_message": ""}}, {"model": "admin.logentry", "pk": 467, "fields": {"action_time": "2020-11-17T12:07:38.965Z", "user": 1, "content_type": 7, "object_id": "65", "object_repr": "2020-12-29", "action_flag": 3, "change_message": ""}}, {"model": "admin.logentry", "pk": 468, "fields": {"action_time": "2020-11-17T12:07:38.973Z", "user": 1, "content_type": 7, "object_id": "64", "object_repr": "2020-12-28", "action_flag": 3, "change_message": ""}}, {"model": "admin.logentry", "pk": 469, "fields": {"action_time": "2020-11-17T12:07:38.980Z", "user": 1, "content_type": 7, "object_id": "63", "object_repr": "2020-12-27", "action_flag": 3, "change_message": ""}}, {"model": "admin.logentry", "pk": 470, "fields": {"action_time": "2020-11-17T12:07:38.988Z", "user": 1, "content_type": 7, "object_id": "62", "object_repr": "2020-12-26", "action_flag": 3, "change_message": ""}}, {"model": "admin.logentry", "pk": 471, "fields": {"action_time": "2020-11-17T12:07:38.997Z", "user": 1, "content_type": 7, "object_id": "61", "object_repr": "2020-12-25", "action_flag": 3, "change_message": ""}}, {"model": "admin.logentry", "pk": 472, "fields": {"action_time": "2020-11-17T12:07:39.005Z", "user": 1, "content_type": 7, "object_id": "60", "object_repr": "2020-12-24", "action_flag": 3, "change_message": ""}}, {"model": "admin.logentry", "pk": 473, "fields": {"action_time": "2020-11-17T12:07:39.012Z", "user": 1, "content_type": 7, "object_id": "59", "object_repr": "2020-12-23", "action_flag": 3, "change_message": ""}}, {"model": "admin.logentry", "pk": 474, "fields": {"action_time": "2020-11-17T12:07:39.020Z", "user": 1, "content_type": 7, "object_id": "58", "object_repr": "2020-12-22", "action_flag": 3, "change_message": ""}}, {"model": "admin.logentry", "pk": 475, "fields": {"action_time": "2020-11-17T12:07:39.028Z", "user": 1, "content_type": 7, "object_id": "57", "object_repr": "2020-12-21", "action_flag": 3, "change_message": ""}}, {"model": "admin.logentry", "pk": 476, "fields": {"action_time": "2020-11-17T12:07:39.035Z", "user": 1, "content_type": 7, "object_id": "56", "object_repr": "2020-12-20", "action_flag": 3, "change_message": ""}}, {"model": "admin.logentry", "pk": 477, "fields": {"action_time": "2020-11-17T12:07:39.043Z", "user": 1, "content_type": 7, "object_id": "55", "object_repr": "2020-12-19", "action_flag": 3, "change_message": ""}}, {"model": "admin.logentry", "pk": 478, "fields": {"action_time": "2020-11-17T12:07:39.052Z", "user": 1, "content_type": 7, "object_id": "54", "object_repr": "2020-12-18", "action_flag": 3, "change_message": ""}}, {"model": "admin.logentry", "pk": 479, "fields": {"action_time": "2020-11-17T12:07:39.060Z", "user": 1, "content_type": 7, "object_id": "53", "object_repr": "2020-12-17", "action_flag": 3, "change_message": ""}}, {"model": "admin.logentry", "pk": 480, "fields": {"action_time": "2020-11-17T12:07:39.067Z", "user": 1, "content_type": 7, "object_id": "52", "object_repr": "2020-12-16", "action_flag": 3, "change_message": ""}}, {"model": "admin.logentry", "pk": 481, "fields": {"action_time": "2020-11-17T12:07:39.074Z", "user": 1, "content_type": 7, "object_id": "51", "object_repr": "2020-12-15", "action_flag": 3, "change_message": ""}}, {"model": "admin.logentry", "pk": 482, "fields": {"action_time": "2020-11-17T12:07:39.082Z", "user": 1, "content_type": 7, "object_id": "50", "object_repr": "2020-12-14", "action_flag": 3, "change_message": ""}}, {"model": "admin.logentry", "pk": 483, "fields": {"action_time": "2020-11-17T12:07:39.089Z", "user": 1, "content_type": 7, "object_id": "49", "object_repr": "2020-12-13", "action_flag": 3, "change_message": ""}}, {"model": "admin.logentry", "pk": 484, "fields": {"action_time": "2020-11-17T12:07:39.098Z", "user": 1, "content_type": 7, "object_id": "48", "object_repr": "2020-12-12", "action_flag": 3, "change_message": ""}}, {"model": "admin.logentry", "pk": 485, "fields": {"action_time": "2020-11-17T12:07:39.105Z", "user": 1, "content_type": 7, "object_id": "47", "object_repr": "2020-12-11", "action_flag": 3, "change_message": ""}}, {"model": "admin.logentry", "pk": 486, "fields": {"action_time": "2020-11-17T12:07:39.114Z", "user": 1, "content_type": 7, "object_id": "46", "object_repr": "2020-12-10", "action_flag": 3, "change_message": ""}}, {"model": "admin.logentry", "pk": 487, "fields": {"action_time": "2020-11-17T12:07:39.121Z", "user": 1, "content_type": 7, "object_id": "45", "object_repr": "2020-12-09", "action_flag": 3, "change_message": ""}}, {"model": "admin.logentry", "pk": 488, "fields": {"action_time": "2020-11-17T12:07:39.129Z", "user": 1, "content_type": 7, "object_id": "44", "object_repr": "2020-12-08", "action_flag": 3, "change_message": ""}}, {"model": "admin.logentry", "pk": 489, "fields": {"action_time": "2020-11-17T12:07:39.137Z", "user": 1, "content_type": 7, "object_id": "43", "object_repr": "2020-12-07", "action_flag": 3, "change_message": ""}}, {"model": "admin.logentry", "pk": 490, "fields": {"action_time": "2020-11-17T12:07:39.145Z", "user": 1, "content_type": 7, "object_id": "42", "object_repr": "2020-12-06", "action_flag": 3, "change_message": ""}}, {"model": "admin.logentry", "pk": 491, "fields": {"action_time": "2020-11-17T12:07:39.152Z", "user": 1, "content_type": 7, "object_id": "41", "object_repr": "2020-12-05", "action_flag": 3, "change_message": ""}}, {"model": "admin.logentry", "pk": 492, "fields": {"action_time": "2020-11-17T12:07:39.160Z", "user": 1, "content_type": 7, "object_id": "40", "object_repr": "2020-12-04", "action_flag": 3, "change_message": ""}}, {"model": "admin.logentry", "pk": 493, "fields": {"action_time": "2020-11-17T12:07:39.167Z", "user": 1, "content_type": 7, "object_id": "39", "object_repr": "2020-12-03", "action_flag": 3, "change_message": ""}}, {"model": "admin.logentry", "pk": 494, "fields": {"action_time": "2020-11-17T12:07:39.176Z", "user": 1, "content_type": 7, "object_id": "38", "object_repr": "2020-12-02", "action_flag": 3, "change_message": ""}}, {"model": "admin.logentry", "pk": 495, "fields": {"action_time": "2020-11-17T12:07:39.184Z", "user": 1, "content_type": 7, "object_id": "37", "object_repr": "2020-12-01", "action_flag": 3, "change_message": ""}}, {"model": "admin.logentry", "pk": 496, "fields": {"action_time": "2020-11-17T12:07:39.192Z", "user": 1, "content_type": 7, "object_id": "36", "object_repr": "2020-11-30", "action_flag": 3, "change_message": ""}}, {"model": "admin.logentry", "pk": 497, "fields": {"action_time": "2020-11-17T12:07:39.200Z", "user": 1, "content_type": 7, "object_id": "35", "object_repr": "2020-11-29", "action_flag": 3, "change_message": ""}}, {"model": "admin.logentry", "pk": 498, "fields": {"action_time": "2020-11-17T12:07:39.208Z", "user": 1, "content_type": 7, "object_id": "34", "object_repr": "2020-11-28", "action_flag": 3, "change_message": ""}}, {"model": "admin.logentry", "pk": 499, "fields": {"action_time": "2020-11-17T12:07:39.215Z", "user": 1, "content_type": 7, "object_id": "33", "object_repr": "2020-11-27", "action_flag": 3, "change_message": ""}}, {"model": "admin.logentry", "pk": 500, "fields": {"action_time": "2020-11-17T12:07:39.224Z", "user": 1, "content_type": 7, "object_id": "32", "object_repr": "2020-11-26", "action_flag": 3, "change_message": ""}}, {"model": "admin.logentry", "pk": 501, "fields": {"action_time": "2020-11-17T12:07:39.234Z", "user": 1, "content_type": 7, "object_id": "31", "object_repr": "2020-11-25", "action_flag": 3, "change_message": ""}}, {"model": "admin.logentry", "pk": 502, "fields": {"action_time": "2020-11-17T12:07:39.244Z", "user": 1, "content_type": 7, "object_id": "30", "object_repr": "2020-11-24", "action_flag": 3, "change_message": ""}}, {"model": "admin.logentry", "pk": 503, "fields": {"action_time": "2020-11-17T12:07:39.251Z", "user": 1, "content_type": 7, "object_id": "29", "object_repr": "2020-11-23", "action_flag": 3, "change_message": ""}}, {"model": "admin.logentry", "pk": 504, "fields": {"action_time": "2020-11-17T12:07:39.258Z", "user": 1, "content_type": 7, "object_id": "28", "object_repr": "2020-11-22", "action_flag": 3, "change_message": ""}}, {"model": "admin.logentry", "pk": 505, "fields": {"action_time": "2020-11-17T12:07:39.266Z", "user": 1, "content_type": 7, "object_id": "27", "object_repr": "2020-11-21", "action_flag": 3, "change_message": ""}}, {"model": "admin.logentry", "pk": 506, "fields": {"action_time": "2020-11-17T12:07:39.274Z", "user": 1, "content_type": 7, "object_id": "26", "object_repr": "2020-11-20", "action_flag": 3, "change_message": ""}}, {"model": "admin.logentry", "pk": 507, "fields": {"action_time": "2020-11-17T12:07:39.281Z", "user": 1, "content_type": 7, "object_id": "25", "object_repr": "2020-11-19", "action_flag": 3, "change_message": ""}}, {"model": "admin.logentry", "pk": 508, "fields": {"action_time": "2020-11-17T12:07:39.288Z", "user": 1, "content_type": 7, "object_id": "24", "object_repr": "2020-11-18", "action_flag": 3, "change_message": ""}}, {"model": "admin.logentry", "pk": 509, "fields": {"action_time": "2020-11-17T12:07:39.295Z", "user": 1, "content_type": 7, "object_id": "23", "object_repr": "2020-11-17", "action_flag": 3, "change_message": ""}}, {"model": "admin.logentry", "pk": 510, "fields": {"action_time": "2020-11-17T12:07:39.303Z", "user": 1, "content_type": 7, "object_id": "22", "object_repr": "2020-11-16", "action_flag": 3, "change_message": ""}}, {"model": "admin.logentry", "pk": 511, "fields": {"action_time": "2020-11-17T12:07:39.310Z", "user": 1, "content_type": 7, "object_id": "21", "object_repr": "2020-11-15", "action_flag": 3, "change_message": ""}}, {"model": "admin.logentry", "pk": 512, "fields": {"action_time": "2020-11-17T12:07:39.318Z", "user": 1, "content_type": 7, "object_id": "20", "object_repr": "2020-11-14", "action_flag": 3, "change_message": ""}}, {"model": "admin.logentry", "pk": 513, "fields": {"action_time": "2020-11-17T12:07:39.326Z", "user": 1, "content_type": 7, "object_id": "19", "object_repr": "2020-11-13", "action_flag": 3, "change_message": ""}}, {"model": "admin.logentry", "pk": 514, "fields": {"action_time": "2020-11-17T12:07:39.335Z", "user": 1, "content_type": 7, "object_id": "18", "object_repr": "2020-11-12", "action_flag": 3, "change_message": ""}}, {"model": "admin.logentry", "pk": 515, "fields": {"action_time": "2020-11-17T12:07:39.342Z", "user": 1, "content_type": 7, "object_id": "17", "object_repr": "2020-11-11", "action_flag": 3, "change_message": ""}}, {"model": "admin.logentry", "pk": 516, "fields": {"action_time": "2020-11-17T12:07:39.350Z", "user": 1, "content_type": 7, "object_id": "16", "object_repr": "2020-11-10", "action_flag": 3, "change_message": ""}}, {"model": "admin.logentry", "pk": 517, "fields": {"action_time": "2020-11-17T12:07:39.358Z", "user": 1, "content_type": 7, "object_id": "15", "object_repr": "2020-11-06", "action_flag": 3, "change_message": ""}}, {"model": "admin.logentry", "pk": 518, "fields": {"action_time": "2020-11-17T12:07:39.367Z", "user": 1, "content_type": 7, "object_id": "12", "object_repr": "2020-11-05", "action_flag": 3, "change_message": ""}}, {"model": "admin.logentry", "pk": 519, "fields": {"action_time": "2020-11-17T12:07:39.374Z", "user": 1, "content_type": 7, "object_id": "11", "object_repr": "2020-11-04", "action_flag": 3, "change_message": ""}}, {"model": "admin.logentry", "pk": 520, "fields": {"action_time": "2020-11-17T12:07:39.382Z", "user": 1, "content_type": 7, "object_id": "10", "object_repr": "2020-11-03", "action_flag": 3, "change_message": ""}}, {"model": "admin.logentry", "pk": 521, "fields": {"action_time": "2020-11-17T12:07:39.389Z", "user": 1, "content_type": 7, "object_id": "9", "object_repr": "2020-11-01", "action_flag": 3, "change_message": ""}}, {"model": "admin.logentry", "pk": 522, "fields": {"action_time": "2020-11-17T12:07:39.397Z", "user": 1, "content_type": 7, "object_id": "8", "object_repr": "2020-10-31", "action_flag": 3, "change_message": ""}}, {"model": "admin.logentry", "pk": 523, "fields": {"action_time": "2020-11-17T12:07:39.406Z", "user": 1, "content_type": 7, "object_id": "7", "object_repr": "2020-10-30", "action_flag": 3, "change_message": ""}}, {"model": "auth.permission", "pk": 1, "fields": {"name": "Can add log entry", "content_type": 1, "codename": "add_logentry"}}, {"model": "auth.permission", "pk": 2, "fields": {"name": "Can change log entry", "content_type": 1, "codename": "change_logentry"}}, {"model": "auth.permission", "pk": 3, "fields": {"name": "Can delete log entry", "content_type": 1, "codename": "delete_logentry"}}, {"model": "auth.permission", "pk": 4, "fields": {"name": "Can view log entry", "content_type": 1, "codename": "view_logentry"}}, {"model": "auth.permission", "pk": 5, "fields": {"name": "Can add permission", "content_type": 2, "codename": "add_permission"}}, {"model": "auth.permission", "pk": 6, "fields": {"name": "Can change permission", "content_type": 2, "codename": "change_permission"}}, {"model": "auth.permission", "pk": 7, "fields": {"name": "Can delete permission", "content_type": 2, "codename": "delete_permission"}}, {"model": "auth.permission", "pk": 8, "fields": {"name": "Can view permission", "content_type": 2, "codename": "view_permission"}}, {"model": "auth.permission", "pk": 9, "fields": {"name": "Can add group", "content_type": 3, "codename": "add_group"}}, {"model": "auth.permission", "pk": 10, "fields": {"name": "Can change group", "content_type": 3, "codename": "change_group"}}, {"model": "auth.permission", "pk": 11, "fields": {"name": "Can delete group", "content_type": 3, "codename": "delete_group"}}, {"model": "auth.permission", "pk": 12, "fields": {"name": "Can view group", "content_type": 3, "codename": "view_group"}}, {"model": "auth.permission", "pk": 13, "fields": {"name": "Can add user", "content_type": 4, "codename": "add_user"}}, {"model": "auth.permission", "pk": 14, "fields": {"name": "Can change user", "content_type": 4, "codename": "change_user"}}, {"model": "auth.permission", "pk": 15, "fields": {"name": "Can delete user", "content_type": 4, "codename": "delete_user"}}, {"model": "auth.permission", "pk": 16, "fields": {"name": "Can view user", "content_type": 4, "codename": "view_user"}}, {"model": "auth.permission", "pk": 17, "fields": {"name": "Can add content type", "content_type": 5, "codename": "add_contenttype"}}, {"model": "auth.permission", "pk": 18, "fields": {"name": "Can change content type", "content_type": 5, "codename": "change_contenttype"}}, {"model": "auth.permission", "pk": 19, "fields": {"name": "Can delete content type", "content_type": 5, "codename": "delete_contenttype"}}, {"model": "auth.permission", "pk": 20, "fields": {"name": "Can view content type", "content_type": 5, "codename": "view_contenttype"}}, {"model": "auth.permission", "pk": 21, "fields": {"name": "Can add session", "content_type": 6, "codename": "add_session"}}, {"model": "auth.permission", "pk": 22, "fields": {"name": "Can change session", "content_type": 6, "codename": "change_session"}}, {"model": "auth.permission", "pk": 23, "fields": {"name": "Can delete session", "content_type": 6, "codename": "delete_session"}}, {"model": "auth.permission", "pk": 24, "fields": {"name": "Can view session", "content_type": 6, "codename": "view_session"}}, {"model": "auth.permission", "pk": 25, "fields": {"name": "Can add Booking", "content_type": 7, "codename": "add_bookingmodel"}}, {"model": "auth.permission", "pk": 26, "fields": {"name": "Can change Booking", "content_type": 7, "codename": "change_bookingmodel"}}, {"model": "auth.permission", "pk": 27, "fields": {"name": "Can delete Booking", "content_type": 7, "codename": "delete_bookingmodel"}}, {"model": "auth.permission", "pk": 28, "fields": {"name": "Can view Booking", "content_type": 7, "codename": "view_bookingmodel"}}, {"model": "auth.permission", "pk": 29, "fields": {"name": "Can add music room", "content_type": 8, "codename": "add_musicroom"}}, {"model": "auth.permission", "pk": 30, "fields": {"name": "Can change music room", "content_type": 8, "codename": "change_musicroom"}}, {"model": "auth.permission", "pk": 31, "fields": {"name": "Can delete music room", "content_type": 8, "codename": "delete_musicroom"}}, {"model": "auth.permission", "pk": 32, "fields": {"name": "Can view music room", "content_type": 8, "codename": "view_musicroom"}}, {"model": "auth.permission", "pk": 33, "fields": {"name": "Can add slot", "content_type": 9, "codename": "add_slot"}}, {"model": "auth.permission", "pk": 34, "fields": {"name": "Can change slot", "content_type": 9, "codename": "change_slot"}}, {"model": "auth.permission", "pk": 35, "fields": {"name": "Can delete slot", "content_type": 9, "codename": "delete_slot"}}, {"model": "auth.permission", "pk": 36, "fields": {"name": "Can view slot", "content_type": 9, "codename": "view_slot"}}, {"model": "auth.permission", "pk": 37, "fields": {"name": "Can add code", "content_type": 10, "codename": "add_code"}}, {"model": "auth.permission", "pk": 38, "fields": {"name": "Can change code", "content_type": 10, "codename": "change_code"}}, {"model": "auth.permission", "pk": 39, "fields": {"name": "Can delete code", "content_type": 10, "codename": "delete_code"}}, {"model": "auth.permission", "pk": 40, "fields": {"name": "Can view code", "content_type": 10, "codename": "view_code"}}, {"model": "auth.group", "pk": 1, "fields": {"name": "Users", "permissions": []}}, {"model": "auth.group", "pk": 2, "fields": {"name": "ysacmf", "permissions": []}}, {"model": "auth.user", "pk": 1, "fields": {"password": "pbkdf2_sha256$216000$XL8MmjHBACx2$/Tyh7ztbUaGhaNl7fqbxcHKHhg8eu11F8H42SWWSokY=", "last_login": "2020-11-17T12:06:16.002Z", "is_superuser": true, "username": "Mthd", "first_name": "", "last_name": "", "email": "david.dshvsk@gmail.com", "is_staff": true, "is_active": true, "date_joined": "2020-10-16T10:32:08.079Z", "groups": [], "user_permissions": []}}, {"model": "auth.user", "pk": 5, "fields": {"password": "pbkdf2_sha256$216000$akdguhfV0yRZ$zoQJEmD+5bB71FjiQ5MsRsTDtCJxUwdcQc/yiyEjo4Y=", "last_login": null, "is_superuser": false, "username": "Mertens", "first_name": "", "last_name": "", "email": "", "is_staff": false, "is_active": true, "date_joined": "2020-11-06T06:58:03Z", "groups": [2], "user_permissions": []}}, {"model": "auth.user", "pk": 9, "fields": {"password": "pbkdf2_sha256$216000$86jbwY0ju5Jc$lggNRlWXRKFGh9I2vbuMAoFRuiU0FzoQ9dDXkSXz87U=", "last_login": "2020-11-17T12:08:01.447Z", "is_superuser": false, "username": "2022dashevskij.dy", "first_name": "", "last_name": "", "email": "2022dashevskij.dy@student.letovo.ru", "is_staff": false, "is_active": true, "date_joined": "2020-11-17T11:59:18.106Z", "groups": [], "user_permissions": []}}, {"model": "contenttypes.contenttype", "pk": 1, "fields": {"app_label": "admin", "model": "logentry"}}, {"model": "contenttypes.contenttype", "pk": 2, "fields": {"app_label": "auth", "model": "permission"}}, {"model": "contenttypes.contenttype", "pk": 3, "fields": {"app_label": "auth", "model": "group"}}, {"model": "contenttypes.contenttype", "pk": 4, "fields": {"app_label": "auth", "model": "user"}}, {"model": "contenttypes.contenttype", "pk": 5, "fields": {"app_label": "contenttypes", "model": "contenttype"}}, {"model": "contenttypes.contenttype", "pk": 6, "fields": {"app_label": "sessions", "model": "session"}}, {"model": "contenttypes.contenttype", "pk": 7, "fields": {"app_label": "baseapp", "model": "bookingmodel"}}, {"model": "contenttypes.contenttype", "pk": 8, "fields": {"app_label": "baseapp", "model": "musicroom"}}, {"model": "contenttypes.contenttype", "pk": 9, "fields": {"app_label": "baseapp", "model": "slot"}}, {"model": "contenttypes.contenttype", "pk": 10, "fields": {"app_label": "baseapp", "model": "code"}}, {"model": "sessions.session", "pk": "a890hzceqqlgle2cg0cy9y1n17jlvkv4", "fields": {"session_data": ".eJxVjEEOwiAQRe_C2hAEMoBL956BDMwgVUOT0q6Md7ckXehfvvfy3yLitta4dV7iROIigjj9soT5yW0IemC7zzLPbV2mJEciD9vlbSZ-XY_276Bir-MWlLGktMdMWjnHxvhQkNDviBhSBgXOc_LFQtIqQDJhX9EWuOSz-HwB3Tc3xw:1kezmD:4un0ZpLuUIecGAG_FMJveMvKhH2RL_kdgqnGtn4dkNU", "expire_date": "2020-12-01T12:08:01.456Z"}}, {"model": "sessions.session", "pk": "jw8oqzo7edhvuq6uqwx83nf29dlyumkg", "fields": {"session_data": ".eJxVjEEOwiAQRe_C2hBgUmBcuvcMBJipVA0kpV013t026UK3_733NxHiupSwdp7DROIqtLj8binmF9cD0DPWR5O51WWekjwUedIu7434fTvdv4MSe9nrARVBhAwabHaWnTYqebYjIisyhMoTZ3AWE_gxg0FIaiDnbNoJgvh8Ac--N1c:1kTN29:g4IySL96Sii63bwEd8MsEaXxss5osQDUCH7XVl2HbvQ", "expire_date": "2020-10-30T10:32:25.591Z"}}, {"model": "sessions.session", "pk": "phslettwwy3spmkaexfgu84tgc2fmzsd", "fields": {"session_data": ".eJxVjEEOwiAQRe_C2hBgUmBcuvcMBJipVA0kpV013t026UK3_733NxHiupSwdp7DROIqtLj8binmF9cD0DPWR5O51WWekjwUedIu7434fTvdv4MSe9nrARVBhAwabHaWnTYqebYjIisyhMoTZ3AWE_gxg0FIaiDnbNoJgvh8Ac--N1c:1kdvW7:8v3SVI-2xNgeidIe1arvPahKbUONkE4ZpDfv4Ni_OZ0", "expire_date": "2020-11-28T13:22:59.717Z"}}, {"model": "sessions.session", "pk": "xtvd5le5d3ai2zo2abqclijv54asf86x", "fields": {"session_data": ".eJxVjDsOwjAQBe_iGlm21z8o6XMGa-1d4wBypHwqxN0hUgpo38y8l0i4rS1tC89pJHERRpx-t4zlwX0HdMd-m2SZ-jqPWe6KPOgih4n4eT3cv4OGS_vWijJqYhd1PCvPBl0orEFjtEUHqtagd-whWBOpIvkagBVRACCoHsT7A-fyOAE:1kb0v6:iv3k1dZ6ud-rSrlhnvXQtq9YjBphgIcXRp7-odRkvY0", "expire_date": "2020-11-20T12:32:44.466Z"}}, {"model": "baseapp.bookingmodel", "pk": 69, "fields": {"date": "2021-01-01"}}, {"model": "baseapp.bookingmodel", "pk": 70, "fields": {"date": "2020-11-17"}}, {"model": "baseapp.bookingmodel", "pk": 71, "fields": {"date": "2020-11-18"}}, {"model": "baseapp.musicroom", "pk": 506, "fields": {"room_number": 1, "day": 69}}, {"model": "baseapp.musicroom", "pk": 507, "fields": {"room_number": 2, "day": 69}}, {"model": "baseapp.musicroom", "pk": 508, "fields": {"room_number": 3, "day": 69}}, {"model": "baseapp.musicroom", "pk": 509, "fields": {"room_number": 4, "day": 69}}, {"model": "baseapp.musicroom", "pk": 510, "fields": {"room_number": 5, "day": 69}}, {"model": "baseapp.musicroom", "pk": 511, "fields": {"room_number": 6, "day": 69}}, {"model": "baseapp.musicroom", "pk": 512, "fields": {"room_number": 7, "day": 69}}, {"model": "baseapp.musicroom", "pk": 513, "fields": {"room_number": 1, "day": 70}}, {"model": "baseapp.musicroom", "pk": 514, "fields": {"room_number": 2, "day": 70}}, {"model": "baseapp.musicroom", "pk": 515, "fields": {"room_number": 3, "day": 70}}, {"model": "baseapp.musicroom", "pk": 516, "fields": {"room_number": 4, "day": 70}}, {"model": "baseapp.musicroom", "pk": 517, "fields": {"room_number": 5, "day": 70}}, {"model": "baseapp.musicroom", "pk": 518, "fields": {"room_number": 6, "day": 70}}, {"model": "baseapp.musicroom", "pk": 519, "fields": {"room_number": 7, "day": 70}}, {"model": "baseapp.musicroom", "pk": 520, "fields": {"room_number": 1, "day": 71}}, {"model": "baseapp.musicroom", "pk": 521, "fields": {"room_number": 2, "day": 71}}, {"model": "baseapp.musicroom", "pk": 522, "fields": {"room_number": 3, "day": 71}}, {"model": "baseapp.musicroom", "pk": 523, "fields": {"room_number": 4, "day": 71}}, {"model": "baseapp.musicroom", "pk": 524, "fields": {"room_number": 5, "day": 71}}, {"model": "baseapp.musicroom", "pk": 525, "fields": {"room_number": 6, "day": 71}}, {"model": "baseapp.musicroom", "pk": 526, "fields": {"room_number": 7, "day": 71}}, {"model": "baseapp.slot", "pk": 3291, "fields": {"status": "available", "user": ".", "slot_number": 1, "room": 506}}, {"model": "baseapp.slot", "pk": 3292, "fields": {"status": "available", "user": ".", "slot_number": 2, "room": 506}}, {"model": "baseapp.slot", "pk": 3293, "fields": {"status": "available", "user": ".", "slot_number": 3, "room": 506}}, {"model": "baseapp.slot", "pk": 3294, "fields": {"status": "available", "user": ".", "slot_number": 4, "room": 506}}, {"model": "baseapp.slot", "pk": 3295, "fields": {"status": "available", "user": ".", "slot_number": 5, "room": 506}}, {"model": "baseapp.slot", "pk": 3296, "fields": {"status": "available", "user": ".", "slot_number": 1, "room": 507}}, {"model": "baseapp.slot", "pk": 3297, "fields": {"status": "available", "user": ".", "slot_number": 2, "room": 507}}, {"model": "baseapp.slot", "pk": 3298, "fields": {"status": "available", "user": ".", "slot_number": 3, "room": 507}}, {"model": "baseapp.slot", "pk": 3299, "fields": {"status": "available", "user": ".", "slot_number": 4, "room": 507}}, {"model": "baseapp.slot", "pk": 3300, "fields": {"status": "available", "user": ".", "slot_number": 5, "room": 507}}, {"model": "baseapp.slot", "pk": 3301, "fields": {"status": "available", "user": ".", "slot_number": 1, "room": 508}}, {"model": "baseapp.slot", "pk": 3302, "fields": {"status": "available", "user": ".", "slot_number": 2, "room": 508}}, {"model": "baseapp.slot", "pk": 3303, "fields": {"status": "available", "user": ".", "slot_number": 3, "room": 508}}, {"model": "baseapp.slot", "pk": 3304, "fields": {"status": "available", "user": ".", "slot_number": 4, "room": 508}}, {"model": "baseapp.slot", "pk": 3305, "fields": {"status": "available", "user": ".", "slot_number": 5, "room": 508}}, {"model": "baseapp.slot", "pk": 3306, "fields": {"status": "available", "user": ".", "slot_number": 1, "room": 509}}, {"model": "baseapp.slot", "pk": 3307, "fields": {"status": "available", "user": ".", "slot_number": 2, "room": 509}}, {"model": "baseapp.slot", "pk": 3308, "fields": {"status": "available", "user": ".", "slot_number": 3, "room": 509}}, {"model": "baseapp.slot", "pk": 3309, "fields": {"status": "available", "user": ".", "slot_number": 4, "room": 509}}, {"model": "baseapp.slot", "pk": 3310, "fields": {"status": "available", "user": ".", "slot_number": 5, "room": 509}}, {"model": "baseapp.slot", "pk": 3311, "fields": {"status": "available", "user": ".", "slot_number": 1, "room": 510}}, {"model": "baseapp.slot", "pk": 3312, "fields": {"status": "available", "user": ".", "slot_number": 2, "room": 510}}, {"model": "baseapp.slot", "pk": 3313, "fields": {"status": "available", "user": ".", "slot_number": 3, "room": 510}}, {"model": "baseapp.slot", "pk": 3314, "fields": {"status": "available", "user": ".", "slot_number": 4, "room": 510}}, {"model": "baseapp.slot", "pk": 3315, "fields": {"status": "available", "user": ".", "slot_number": 5, "room": 510}}, {"model": "baseapp.slot", "pk": 3316, "fields": {"status": "available", "user": ".", "slot_number": 1, "room": 511}}, {"model": "baseapp.slot", "pk": 3317, "fields": {"status": "available", "user": ".", "slot_number": 2, "room": 511}}, {"model": "baseapp.slot", "pk": 3318, "fields": {"status": "available", "user": ".", "slot_number": 3, "room": 511}}, {"model": "baseapp.slot", "pk": 3319, "fields": {"status": "available", "user": ".", "slot_number": 4, "room": 511}}, {"model": "baseapp.slot", "pk": 3320, "fields": {"status": "available", "user": ".", "slot_number": 5, "room": 511}}, {"model": "baseapp.slot", "pk": 3321, "fields": {"status": "available", "user": ".", "slot_number": 1, "room": 512}}, {"model": "baseapp.slot", "pk": 3322, "fields": {"status": "available", "user": ".", "slot_number": 2, "room": 512}}, {"model": "baseapp.slot", "pk": 3323, "fields": {"status": "available", "user": ".", "slot_number": 3, "room": 512}}, {"model": "baseapp.slot", "pk": 3324, "fields": {"status": "available", "user": ".", "slot_number": 4, "room": 512}}, {"model": "baseapp.slot", "pk": 3325, "fields": {"status": "available", "user": ".", "slot_number": 5, "room": 512}}, {"model": "baseapp.slot", "pk": 3326, "fields": {"status": "available", "user": ".", "slot_number": 1, "room": 513}}, {"model": "baseapp.slot", "pk": 3327, "fields": {"status": "available", "user": ".", "slot_number": 2, "room": 513}}, {"model": "baseapp.slot", "pk": 3328, "fields": {"status": "available", "user": ".", "slot_number": 3, "room": 513}}, {"model": "baseapp.slot", "pk": 3329, "fields": {"status": "available", "user": ".", "slot_number": 4, "room": 513}}, {"model": "baseapp.slot", "pk": 3330, "fields": {"status": "available", "user": ".", "slot_number": 5, "room": 513}}, {"model": "baseapp.slot", "pk": 3331, "fields": {"status": "available", "user": ".", "slot_number": 1, "room": 514}}, {"model": "baseapp.slot", "pk": 3332, "fields": {"status": "available", "user": ".", "slot_number": 2, "room": 514}}, {"model": "baseapp.slot", "pk": 3333, "fields": {"status": "available", "user": ".", "slot_number": 3, "room": 514}}, {"model": "baseapp.slot", "pk": 3334, "fields": {"status": "available", "user": ".", "slot_number": 4, "room": 514}}, {"model": "baseapp.slot", "pk": 3335, "fields": {"status": "available", "user": ".", "slot_number": 5, "room": 514}}, {"model": "baseapp.slot", "pk": 3336, "fields": {"status": "available", "user": ".", "slot_number": 1, "room": 515}}, {"model": "baseapp.slot", "pk": 3337, "fields": {"status": "available", "user": ".", "slot_number": 2, "room": 515}}, {"model": "baseapp.slot", "pk": 3338, "fields": {"status": "available", "user": ".", "slot_number": 3, "room": 515}}, {"model": "baseapp.slot", "pk": 3339, "fields": {"status": "available", "user": ".", "slot_number": 4, "room": 515}}, {"model": "baseapp.slot", "pk": 3340, "fields": {"status": "available", "user": ".", "slot_number": 5, "room": 515}}, {"model": "baseapp.slot", "pk": 3341, "fields": {"status": "available", "user": ".", "slot_number": 1, "room": 516}}, {"model": "baseapp.slot", "pk": 3342, "fields": {"status": "available", "user": ".", "slot_number": 2, "room": 516}}, {"model": "baseapp.slot", "pk": 3343, "fields": {"status": "available", "user": ".", "slot_number": 3, "room": 516}}, {"model": "baseapp.slot", "pk": 3344, "fields": {"status": "available", "user": ".", "slot_number": 4, "room": 516}}, {"model": "baseapp.slot", "pk": 3345, "fields": {"status": "available", "user": ".", "slot_number": 5, "room": 516}}, {"model": "baseapp.slot", "pk": 3346, "fields": {"status": "available", "user": ".", "slot_number": 1, "room": 517}}, {"model": "baseapp.slot", "pk": 3347, "fields": {"status": "available", "user": ".", "slot_number": 2, "room": 517}}, {"model": "baseapp.slot", "pk": 3348, "fields": {"status": "available", "user": ".", "slot_number": 3, "room": 517}}, {"model": "baseapp.slot", "pk": 3349, "fields": {"status": "available", "user": ".", "slot_number": 4, "room": 517}}, {"model": "baseapp.slot", "pk": 3350, "fields": {"status": "available", "user": ".", "slot_number": 5, "room": 517}}, {"model": "baseapp.slot", "pk": 3351, "fields": {"status": "available", "user": ".", "slot_number": 1, "room": 518}}, {"model": "baseapp.slot", "pk": 3352, "fields": {"status": "available", "user": ".", "slot_number": 2, "room": 518}}, {"model": "baseapp.slot", "pk": 3353, "fields": {"status": "available", "user": ".", "slot_number": 3, "room": 518}}, {"model": "baseapp.slot", "pk": 3354, "fields": {"status": "available", "user": ".", "slot_number": 4, "room": 518}}, {"model": "baseapp.slot", "pk": 3355, "fields": {"status": "available", "user": ".", "slot_number": 5, "room": 518}}, {"model": "baseapp.slot", "pk": 3356, "fields": {"status": "available", "user": ".", "slot_number": 1, "room": 519}}, {"model": "baseapp.slot", "pk": 3357, "fields": {"status": "available", "user": ".", "slot_number": 2, "room": 519}}, {"model": "baseapp.slot", "pk": 3358, "fields": {"status": "available", "user": ".", "slot_number": 3, "room": 519}}, {"model": "baseapp.slot", "pk": 3359, "fields": {"status": "available", "user": ".", "slot_number": 4, "room": 519}}, {"model": "baseapp.slot", "pk": 3360, "fields": {"status": "available", "user": ".", "slot_number": 5, "room": 519}}, {"model": "baseapp.slot", "pk": 3361, "fields": {"status": "available", "user": ".", "slot_number": 1, "room": 520}}, {"model": "baseapp.slot", "pk": 3362, "fields": {"status": "available", "user": ".", "slot_number": 2, "room": 520}}, {"model": "baseapp.slot", "pk": 3363, "fields": {"status": "available", "user": ".", "slot_number": 3, "room": 520}}, {"model": "baseapp.slot", "pk": 3364, "fields": {"status": "available", "user": ".", "slot_number": 4, "room": 520}}, {"model": "baseapp.slot", "pk": 3365, "fields": {"status": "available", "user": ".", "slot_number": 5, "room": 520}}, {"model": "baseapp.slot", "pk": 3366, "fields": {"status": "available", "user": ".", "slot_number": 1, "room": 521}}, {"model": "baseapp.slot", "pk": 3367, "fields": {"status": "available", "user": ".", "slot_number": 2, "room": 521}}, {"model": "baseapp.slot", "pk": 3368, "fields": {"status": "available", "user": ".", "slot_number": 3, "room": 521}}, {"model": "baseapp.slot", "pk": 3369, "fields": {"status": "available", "user": ".", "slot_number": 4, "room": 521}}, {"model": "baseapp.slot", "pk": 3370, "fields": {"status": "available", "user": ".", "slot_number": 5, "room": 521}}, {"model": "baseapp.slot", "pk": 3371, "fields": {"status": "available", "user": ".", "slot_number": 1, "room": 522}}, {"model": "baseapp.slot", "pk": 3372, "fields": {"status": "available", "user": ".", "slot_number": 2, "room": 522}}, {"model": "baseapp.slot", "pk": 3373, "fields": {"status": "available", "user": ".", "slot_number": 3, "room": 522}}, {"model": "baseapp.slot", "pk": 3374, "fields": {"status": "available", "user": ".", "slot_number": 4, "room": 522}}, {"model": "baseapp.slot", "pk": 3375, "fields": {"status": "available", "user": ".", "slot_number": 5, "room": 522}}, {"model": "baseapp.slot", "pk": 3376, "fields": {"status": "available", "user": ".", "slot_number": 1, "room": 523}}, {"model": "baseapp.slot", "pk": 3377, "fields": {"status": "available", "user": ".", "slot_number": 2, "room": 523}}, {"model": "baseapp.slot", "pk": 3378, "fields": {"status": "available", "user": ".", "slot_number": 3, "room": 523}}, {"model": "baseapp.slot", "pk": 3379, "fields": {"status": "available", "user": ".", "slot_number": 4, "room": 523}}, {"model": "baseapp.slot", "pk": 3380, "fields": {"status": "available", "user": ".", "slot_number": 5, "room": 523}}, {"model": "baseapp.slot", "pk": 3381, "fields": {"status": "available", "user": ".", "slot_number": 1, "room": 524}}, {"model": "baseapp.slot", "pk": 3382, "fields": {"status": "available", "user": ".", "slot_number": 2, "room": 524}}, {"model": "baseapp.slot", "pk": 3383, "fields": {"status": "available", "user": ".", "slot_number": 3, "room": 524}}, {"model": "baseapp.slot", "pk": 3384, "fields": {"status": "available", "user": ".", "slot_number": 4, "room": 524}}, {"model": "baseapp.slot", "pk": 3385, "fields": {"status": "available", "user": ".", "slot_number": 5, "room": 524}}, {"model": "baseapp.slot", "pk": 3386, "fields": {"status": "available", "user": ".", "slot_number": 1, "room": 525}}, {"model": "baseapp.slot", "pk": 3387, "fields": {"status": "available", "user": ".", "slot_number": 2, "room": 525}}, {"model": "baseapp.slot", "pk": 3388, "fields": {"status": "available", "user": ".", "slot_number": 3, "room": 525}}, {"model": "baseapp.slot", "pk": 3389, "fields": {"status": "available", "user": ".", "slot_number": 4, "room": 525}}, {"model": "baseapp.slot", "pk": 3390, "fields": {"status": "available", "user": ".", "slot_number": 5, "room": 525}}, {"model": "baseapp.slot", "pk": 3391, "fields": {"status": "available", "user": ".", "slot_number": 1, "room": 526}}, {"model": "baseapp.slot", "pk": 3392, "fields": {"status": "available", "user": ".", "slot_number": 2, "room": 526}}, {"model": "baseapp.slot", "pk": 3393, "fields": {"status": "available", "user": ".", "slot_number": 3, "room": 526}}, {"model": "baseapp.slot", "pk": 3394, "fields": {"status": "available", "user": ".", "slot_number": 4, "room": 526}}, {"model": "baseapp.slot", "pk": 3395, "fields": {"status": "available", "user": ".", "slot_number": 5, "room": 526}}, {"model": "baseapp.code", "pk": 1, "fields": {"code": 868138}}]